ticker,cik,name,sic,sic_description,sector_etf,sector,mcap,adv,turnover,last_volume,latest_quarter,latest_filed,rev_growth,growth_trend,accel_streak,rev_ttm,gross_margin,gm_trend,gm_change,net_income_ttm,op_cash_flow_ttm,cash,shares_yoy,analysts,news_90d,social_90d,options_ratio,analysts_pct,news_90d_pct,options_ratio_pct,attention_pct,attention_measures,f2_pass,f2_reason,nobs,r2,resid_3m,resid_6m,resid_prior,resid_pct,f3_reason,f3_pass
AIR,1750,AAR CORP,3720,Aircraft & Parts,XLI,Industrials,4258521386.0,60071157.1996552,0.011542294663180228,2554592.0,2026-05-31,2026-07-22,0.22995361166335315,"[np.float64(0.118), np.float64(0.159), np.float64(0.246), np.float64(0.23)]",3,3308000000.0,0.19040948275862069,"[np.float64(0.181), np.float64(0.197), np.float64(0.183), np.float64(0.19)]",0.009636091736446528,187700000.0,,84000000.0,0.11283556615202217,4.0,,,0.08709805714572033,0.18811881188118812,,0.25742574257425743,0.22277227722772278,"analysts,news_90d,options_ratio",True,pass,252,0.5199468172241565,0.009351042823980804,0.05835712747328517,0.18674705541796996,0.5714285714285714,residual not top 30%,False
ARW,7536,"ARROW ELECTRONICS, INC.",5065,"Wholesale-Electronic Parts & Equipment, NEC",XLI,Industrials,11719955319.798569,119096701.02093166,0.011039217408055557,502330.0,2026-07-04,2026-08-06,0.31824628852945813,"[np.float64(0.13), np.float64(0.201), np.float64(0.39), np.float64(0.318)]",6,35924756000.0,0.11260831783713697,"[np.float64(0.108), np.float64(0.115), np.float64(0.115), np.float64(0.113)]",0.004302378199344439,811614000.0,,244631000.0,-0.01157790795469782,4.0,,,0.10610554814564131,0.06930693069306931,,0.1485148514851485,0.10891089108910891,"analysts,news_90d,options_ratio",True,pass,252,0.41246588631163494,0.18723363370422183,0.2919077113481651,0.11483794862465345,0.9285714285714286,R2 0.41 >= 0.35,False
AVT,8858,AVNET INC,5065,"Wholesale-Electronic Parts & Equipment, NEC",XLI,Industrials,8412480347.5,111011009.30987646,0.014678288225285952,1572723.0,2026-06-27,2026-08-14,0.4766250815488995,"[np.float64(0.053), np.float64(0.116), np.float64(0.339), np.float64(0.477)]",6,27632683000.0,0.10427880492954088,"[np.float64(0.104), np.float64(0.105), np.float64(0.104), np.float64(0.104)]",5.612188015197139e-05,334389000.0,,155396000.0,-0.016651309914412993,4.0,,,0.03306367364119429,0.0891089108910891,,0.019801980198019802,0.054455445544554455,"analysts,news_90d,options_ratio",True,pass,252,0.37303021013616133,0.23193188587491595,0.3150742973977842,0.10550461912519342,0.9642857142857143,R2 0.37 >= 0.35,False
DIOD,29002,DIODES INC /DEL/,3674,Semiconductors & Related Devices,XLK,Information Technology,4475304705.953865,52802501.9745108,0.012275788358476286,438722.0,2026-06-30,2026-08-05,0.21658765960700355,"[np.float64(0.12), np.float64(0.154), np.float64(0.221), np.float64(0.217)]",3,1634744000.0,0.3312152519813525,"[np.float64(0.307), np.float64(0.311), np.float64(0.318), np.float64(0.331)]",0.023981144323959036,86090000.0,,430447000.0,-0.008419616114339501,2.0,,,0.09185771399656274,0.04950495049504951,,0.26732673267326734,0.15841584158415842,"analysts,news_90d,options_ratio",True,pass,252,0.40177004289518636,0.05962801781507928,-0.055705783470902916,0.13179584066448619,0.21428571428571427,recent residual not positive,False
KLIC,56978,KULICKE & SOFFA INDUSTRIES INC,3674,Semiconductors & Related Devices,XLK,Information Technology,4904284721.678314,83462600.4383017,0.016911120174322697,371969.0,2026-07-04,2026-08-06,1.226280716648811,"[np.float64(-0.021), np.float64(0.202), np.float64(0.498), np.float64(1.226)]",4,950213000.0,0.4780408523980884,"[np.float64(0.457), np.float64(0.496), np.float64(0.493), np.float64(0.478)]",0.02066917666396212,115739000.0,,368573000.0,0.0035207047292993288,3.0,,,0.1838862915995688,0.09900990099009901,,0.5247524752475248,0.3118811881188119,"analysts,news_90d,options_ratio",True,pass,252,0.48198761255295663,-0.06210672160563682,0.17464981198124585,0.547734227401842,0.75,recent residual not positive,False
PLPC,80035,PREFORMED LINE PRODUCTS CO,1623,"Water, Sewer, Pipeline, Comm & Power Line Construction",XLI,Industrials,2017860272.5012207,35392209.49188717,0.01835987768140297,75625.0,2026-06-30,2026-07-30,0.2540079362739607,"[np.float64(0.212), np.float64(0.036), np.float64(0.187), np.float64(0.254)]",2,740155000.0,0.3432934770854002,"[np.float64(0.297), np.float64(0.298), np.float64(0.313), np.float64(0.343)]",0.04653402805206258,43093000.0,,30949000.0,-0.007340928279295222,1.0,,,0.0,0.039603960396039604,,0.09900990099009901,0.06930693069306931,"analysts,news_90d,options_ratio",True,pass,252,0.4271326968975082,0.3678512377539565,0.26928902519357173,0.44457059929767617,0.8928571428571429,R2 0.43 >= 0.35,False
SPXC,88205,"SPX Technologies, Inc.",3540,Metalworkg Machinery & Equipment,XLI,Industrials,8546150536.359863,106270141.65545267,0.010507892355184187,651000.0,2026-06-27,2026-07-31,0.22918175235336702,"[np.float64(0.226), np.float64(0.194), np.float64(0.174), np.float64(0.229)]",1,2475900000.0,0.4017673048600884,"[np.float64(0.404), np.float64(0.398), np.float64(0.407), np.float64(0.402)]",-0.0022475399442301036,278900000.0,,166400000.0,0.07116844109867038,12.0,29.0,,0.04285714285714286,0.6336633663366337,0.23529411764705882,0.0297029702970297,0.29955348476024074,"analysts,news_90d,options_ratio",True,pass,252,0.49904508056317987,-0.16481780598921647,-0.2555755365170298,0.13825559097599,0.03571428571428571,recent residual not positive,False
JEF,96223,Jefferies Financial Group Inc.,6211,"Security Brokers, Dealers & Flotation Companies",XLF,Financials,9510191015.221684,105371927.2048642,0.009827700608673893,3829369.0,2026-05-31,2026-07-09,0.2501215764648812,"[np.float64(0.12), np.float64(0.034), np.float64(0.161), np.float64(0.25)]",2,11845960000.0,0.9899772208106159,"[np.float64(0.988), np.float64(0.976), np.float64(0.99), np.float64(0.99)]",0.0018183006565684057,,,14314804000.0,-0.008841789745159367,6.0,,,0.13649768408320012,0.1782178217821782,,0.3069306930693069,0.24257425742574257,"analysts,news_90d,options_ratio",True,pass,252,0.4198497038454211,-0.02611720371206198,-0.07523253006917965,-0.2964689812316545,0.17857142857142858,recent residual not positive,False
MYRG,700923,MYR GROUP INC.,1623,"Water, Sewer, Pipeline, Comm & Power Line Construction",XLI,Industrials,4488770429.489136,96020003.54750666,0.01835363612289283,233398.0,2026-06-30,2026-07-29,0.20148501929858664,"[np.float64(0.07), np.float64(0.173), np.float64(0.2), np.float64(0.201)]",6,4006051000.0,0.1318937217985684,"[np.float64(0.118), np.float64(0.114), np.float64(0.134), np.float64(0.132)]",0.014162240317086919,165293000.0,,137872000.0,0.0029901756341657038,5.0,,,0.12553663698917727,0.25742574257425743,,0.37623762376237624,0.31683168316831684,"analysts,news_90d,options_ratio",True,pass,252,0.47880628284775817,-0.2788518728191908,-0.01204681947312782,0.6383888957796799,0.2857142857142857,recent residual not positive,False
JOE,745308,ST JOE Co,6552,Land Subdividers & Developers (No Cemeteries),XLRE,Real Estate,3757979192.126564,15637430.901665945,0.00427446168915879,157263.0,2026-06-30,2026-07-29,0.2304504113664183,"[np.float64(0.627), np.float64(0.235), np.float64(0.051), np.float64(0.23)]",1,547840000.0,0.4622707440077064,"[np.float64(0.444), np.float64(0.454), np.float64(0.383), np.float64(0.462)]",0.018480235179575588,123048000.0,,117315000.0,-0.01688472006951003,0.0,,,0.2632532763587112,0.009900990099009901,,0.6633663366336634,0.33663366336633666,"analysts,news_90d,options_ratio",True,pass,252,0.1679402885208542,0.12089957768109691,-0.00014209773460884543,0.3108093286354118,0.35714285714285715,recent residual not positive,False
FCFS,840489,"FirstCash Holdings, Inc.",5900,Retail-Miscellaneous Retail,XLY,Consumer Discretionary,9230386793.66455,91524306.0730833,0.009796584233614746,287516.0,2026-06-30,2026-07-27,0.29383522227920755,"[np.float64(0.117), np.float64(0.198), np.float64(0.257), np.float64(0.294)]",4,4120337000.0,0.4965804028704145,"[np.float64(0.506), np.float64(0.501), np.float64(0.516), np.float64(0.497)]",-0.009744557394833042,388148000.0,,172298000.0,-0.02237745321344964,4.0,,,0.057388110574715843,0.07920792079207921,,0.06930693069306931,0.07425742574257427,"analysts,news_90d,options_ratio",True,pass,252,0.11026802244625988,0.023806366583052328,0.03504916834381515,0.3843900355820155,0.5,residual not top 30%,False
DGII,854775,DIGI INTERNATIONAL INC,3576,Computer Communications Equipment,XLK,Information Technology,2903031409.5,27580450.000939265,0.009979771678683639,315357.0,2026-06-30,2026-08-05,0.2897855163048533,"[np.float64(0.088), np.float64(0.179), np.float64(0.251), np.float64(0.29)]",6,506213000.0,0.6484892190091585,"[np.float64(0.639), np.float64(0.624), np.float64(0.64), np.float64(0.648)]",0.009349125601892272,48735000.0,,27972000.0,0.022249257869594086,5.0,,,0.028539084275915866,0.39603960396039606,,0.1188118811881188,0.25742574257425743,"analysts,news_90d,options_ratio",True,pass,252,0.28592819312179973,0.08966945748300748,0.23173158612848826,0.39300718842785815,0.8214285714285714,trend not new (prior residual +39%),False
FLEX,866374,FLEX LTD.,3672,Printed Circuit Boards,XLK,Information Technology,42049141662.137054,454617264.66652113,0.01038680065875943,2154151.0,2026-06-26,2026-07-31,0.2057794676806084,"[np.float64(0.04), np.float64(0.077), np.float64(0.169), np.float64(0.206)]",6,29267000000.0,0.09422300706357215,"[np.float64(0.09), np.float64(0.096), np.float64(0.094), np.float64(0.094)]",0.0039819723780930155,880000000.0,,2840000000.0,-0.015777972362996495,10.0,,,0.3828422427211463,0.12871287128712872,,0.6336633663366337,0.3811881188118812,"analysts,news_90d,options_ratio",True,pass,252,0.5177933195446669,-0.16697537795645773,0.14790605151618402,0.3276043289845711,0.6785714285714286,recent residual not positive,False
VIAV,912093,VIAVI SOLUTIONS INC.,3674,Semiconductors & Related Devices,XLK,Information Technology,10319077731.657928,192205813.41316915,0.020157687102407323,6101067.0,2026-06-27,2026-08-13,0.5253012048192771,"[np.float64(0.256), np.float64(0.364), np.float64(0.428), np.float64(0.525)]",6,1518300000.0,0.590611600090273,"[np.float64(0.565), np.float64(0.57), np.float64(0.575), np.float64(0.591)]",0.025583181501172336,-30400000.0,,647800000.0,0.10528261177813714,7.0,,,0.15513679820267504,0.2079207920792079,,0.3465346534653465,0.2772277227722772,"analysts,news_90d,options_ratio",True,pass,252,0.4243474784304321,0.24685853216013792,0.04805446076947721,0.9797356896705266,0.5357142857142857,residual not top 30%,False
STLD,1022671,STEEL DYNAMICS INC,3312,"Steel Works, Blast Furnaces & Rolling Mills (Coke Ovens)",XLB,Materials,31804501852.394775,273021301.7954901,0.007957024191183402,1169499.0,2026-06-30,2026-07-28,0.3343686468031639,"[np.float64(0.112), np.float64(0.14), np.float64(0.191), np.float64(0.334)]",6,20538678000.0,0.15742674656085465,"[np.float64(0.157), np.float64(0.12), np.float64(0.147), np.float64(0.157)]",0.00045776319950888156,1607241000.0,1571572000.0,567708000.0,-0.02633410429888161,14.0,,,0.2683200242154974,0.32673267326732675,,0.45544554455445546,0.3910891089108911,"analysts,news_90d,options_ratio",True,pass,252,0.33037436649488316,0.021283617256860864,0.1910528189230052,0.1458123549254122,0.7857142857142857,trend not new (prior residual +15%),False
FORM,1039399,FORMFACTOR INC,3674,Semiconductors & Related Devices,XLK,Information Technology,10643948781.25,146642542.95053634,0.01661604573795929,1263125.0,2026-06-27,2026-08-04,0.31892052012788685,"[np.float64(-0.025), np.float64(0.136), np.float64(0.32), np.float64(0.319)]",3,902225000.0,0.5069740785774584,"[np.float64(0.398), np.float64(0.422), np.float64(0.384), np.float64(0.507)]",0.10916674075748956,115465000.0,,109761000.0,0.013052211100796463,8.0,43.0,,0.12666996536368136,0.27722772277227725,0.35294117647058826,0.2376237623762376,0.2892642205397011,"analysts,news_90d,options_ratio",True,pass,252,0.5250575676617553,0.26906893569387347,0.0022526897184512555,1.1800928667892359,0.39285714285714285,residual not top 30%,False
TTMI,1116942,TTM TECHNOLOGIES INC,3672,Printed Circuit Boards,XLK,Information Technology,12936840820.699219,318883425.2322298,0.023650568494118018,2216313.0,2026-06-29,2026-08-05,0.3742473868120406,"[np.float64(0.221), np.float64(0.189), np.float64(0.304), np.float64(0.374)]",2,3377086000.0,0.21100259547793246,"[np.float64(0.208), np.float64(0.214), np.float64(0.214), np.float64(0.211)]",0.0027808550536668475,236775000.0,,507905000.0,0.019703082877811084,4.0,,,0.17285464643306248,0.0594059405940594,,0.3564356435643564,0.2079207920792079,"analysts,news_90d,options_ratio",True,pass,252,0.5417283441120915,-0.015550749045530894,0.0055353318561449025,1.2897022218932506,0.42857142857142855,recent residual not positive,False
SNX,1177394,TD SYNNEX CORP,5045,Wholesale-Computers & Peripheral Equipment & Software,XLI,Industrials,20644550374.091797,210585334.5294238,0.010245444654438432,935617.0,2026-05-31,2026-07-02,0.30967485965604236,"[np.float64(0.066), np.float64(0.097), np.float64(0.181), np.float64(0.31)]",5,69766075000.0,0.06842778012745256,"[np.float64(0.072), np.float64(0.069), np.float64(0.073), np.float64(0.068)]",-0.0037630374881719303,1136205000.0,,1094181000.0,-0.030416100951023095,11.0,58.0,,0.09106290287585625,0.2871287128712871,0.29411764705882354,0.04950495049504951,0.21025043680838673,"analysts,news_90d,options_ratio",True,pass,252,0.3211524304537626,0.015950235523168238,0.25888476048028153,0.2901896334451236,0.8571428571428571,trend not new (prior residual +29%),False
MTSI,1493594,"MACOM Technology Solutions Holdings, Inc.",3674,Semiconductors & Related Devices,XLK,Information Technology,21709963716.333893,404034261.50254655,0.018797041657493626,911997.0,2026-07-03,2026-08-06,0.357657718413672,"[np.float64(0.301), np.float64(0.245), np.float64(0.225), np.float64(0.358)]",1,1163974000.0,0.5830813149951641,"[np.float64(0.545), np.float64(0.559), np.float64(0.569), np.float64(0.583)]",0.03822164504838621,240926000.0,,89604000.0,0.025508490984598398,15.0,26.0,,0.17894795706564826,0.504950495049505,0.058823529411764705,0.27722772277227725,0.28033391574451566,"analysts,news_90d,options_ratio",True,pass,252,0.49324866047229055,-0.021358778054373445,-0.007091408995340049,0.6451334795417096,0.32142857142857145,recent residual not positive,False
CSTM,1563411,CONSTELLIUM SE,3341,Secondary Smelting & Refining of  Nonferrous Metals,XLB,Materials,3347939586.27491,43676231.73844607,0.011580062105315604,1865332.0,2026-03-31,2026-04-29,0.24355735219807984,"[np.float64(0.089), np.float64(0.202), np.float64(0.279), np.float64(0.244)]",3,8931000000.0,0.17066233238520923,"[np.float64(0.125), np.float64(0.145), np.float64(0.158), np.float64(0.171)]",0.04560289348839519,435000000.0,,143000000.0,-0.047352671093582877,5.0,10.0,,0.149142351066727,0.3465346534653465,0.11764705882352941,0.49504950495049505,0.3197437390797903,"analysts,news_90d,options_ratio",True,pass,252,0.49516704171758563,-0.10180649294026957,-0.11390111371696528,0.6020720907409486,0.10714285714285714,recent residual not positive,False
TWST,1581280,Twist Bioscience Corp,2836,"Biological Products, (No Diagnostic Substances)",XLV,Health Care,11671733135.308594,223985429.69055176,0.02773107132608489,3224575.0,2026-06-30,2026-08-03,0.23235162455625313,"[np.float64(0.169), np.float64(0.169), np.float64(0.193), np.float64(0.232)]",2,431798000.0,0.5275900520375751,"[np.float64(0.513), np.float64(0.52), np.float64(0.516), np.float64(0.528)]",0.014131679566385724,-136717000.0,,117436000.0,0.03887447052874027,12.0,,,0.09886574199700736,0.5346534653465347,,0.12871287128712872,0.3316831683168317,"analysts,news_90d,options_ratio",True,pass,252,0.3544898698637734,0.8321014961489579,1.1959676286422607,-0.05522565303029259,1.0,R2 0.35 >= 0.35,False
WMS,1604028,"ADVANCED DRAINAGE SYSTEMS, INC.",3086,Plastics Foam Products,XLI,Industrials,9688832807.793915,97746862.9197131,0.009305262168169414,677988.0,2026-06-30,2026-08-06,0.2063334457993926,"[np.float64(0.087), np.float64(0.004), np.float64(0.099), np.float64(0.206)]",2,3221608000.0,0.4075937557436131,"[np.float64(0.4), np.float64(0.374), np.float64(0.351), np.float64(0.408)]",0.00761774499078588,451064000.0,,162251000.0,-0.030188928706058826,12.0,,,0.05044337067912706,0.6138613861386139,,0.039603960396039604,0.32673267326732675,"analysts,news_90d,options_ratio",True,pass,252,0.4750477050067381,-0.0634688601153218,-0.08883476578355198,-0.027236554915352984,0.14285714285714285,recent residual not positive,False
CSW,1624794,"CSW INDUSTRIALS, INC.",2891,Adhesives & Sealants,XLB,Materials,4786537496.9844055,43801569.92768787,0.00880977195132661,96740.0,2026-06-30,2026-07-30,0.33000311023114337,"[np.float64(0.215), np.float64(0.203), np.float64(0.34), np.float64(0.33)]",5,1169553000.0,0.44876942820476257,"[np.float64(0.43), np.float64(0.397), np.float64(0.41), np.float64(0.449)]",0.018422543737835195,120878000.0,,47495000.0,-0.030292038050600656,7.0,,,0.08166218730618152,0.46534653465346537,,0.22772277227722773,0.34653465346534656,"analysts,news_90d,options_ratio",True,pass,252,0.3083923782260709,0.17032672086626172,0.005577419105349928,-0.2677275065000402,0.4642857142857143,residual not top 30%,False
HCC,1691303,"WARRIOR MET COAL, INC.",1220,Silver Ores,XLE,Energy,4648167654.154327,58172997.493957035,0.012225803432882047,741620.0,2026-06-30,2026-08-05,0.7131112552642989,"[np.float64(0.003), np.float64(0.291), np.float64(0.529), np.float64(0.713)]",5,1680855000.0,0.3328376071729875,"[np.float64(0.271), np.float64(0.295), np.float64(0.367), np.float64(0.333)]",0.06178775462162389,219330000.0,,302346000.0,0.0044273139711497045,6.0,,,0.09789380005932957,0.36633663366336633,,0.297029702970297,0.33168316831683164,"analysts,news_90d,options_ratio",True,pass,252,0.10258484626731512,0.1320567234704697,-0.03888727435032633,0.4970543683948003,0.25,recent residual not positive,False
NVT,1720635,nVent Electric plc,3550,Special Industry Machinery (No Metalworking Machinery),XLI,Industrials,26169190392.03705,345954245.4621766,0.013756260961774928,1596583.0,2026-06-30,2026-07-31,0.5276710621949954,"[np.float64(0.348), np.float64(0.418), np.float64(0.535), np.float64(0.528)]",6,4834000000.0,0.3792564398830966,"[np.float64(0.374), np.float64(0.365), np.float64(0.359), np.float64(0.379)]",0.0047782615149751795,598300000.0,,185100000.0,0.005658026125881843,16.0,,,0.06964874359804658,0.49504950495049505,,0.009900990099009901,0.2524752475247525,"analysts,news_90d,options_ratio",True,pass,252,0.6338091713137306,0.18584541977095548,0.14668411401318476,0.550723487383817,0.6428571428571429,residual not top 30%,False
CR,1944013,Crane Co,3490,Miscellaneous Fabricated Metal Products,XLI,Industrials,12045016151.561462,90403685.87996225,0.0073882721743921765,248720.0,2026-06-30,2026-07-31,0.25554400554400547,"[np.float64(0.075), np.float64(0.068), np.float64(0.249), np.float64(0.256)]",2,2591300000.0,0.42431350903822274,"[np.float64(0.427), np.float64(0.416), np.float64(0.404), np.float64(0.424)]",-0.0021970137044792226,336100000.0,,350400000.0,0.004405385247912896,10.0,,,0.11699903505950467,0.42574257425742573,,0.1782178217821782,0.30198019801980197,"analysts,news_90d,options_ratio",True,pass,252,0.523505059397632,0.06720766853857714,0.16121821637847417,-0.17268358017162622,0.7142857142857143,R2 0.52 >= 0.35,False
LOAR,2000178,Loar Holdings Inc.,3728,"Aircraft Parts & Auxiliary Equipment, NEC",XLI,Industrials,5953902260.571369,47031073.25456747,0.007130293392388544,755456.0,2026-06-30,2026-08-06,0.3935576618503447,"[np.float64(0.224), np.float64(0.193), np.float64(0.361), np.float64(0.394)]",2,586168000.0,0.5315452357223204,"[np.float64(0.527), np.float64(0.521), np.float64(0.508), np.float64(0.532)]",0.004701266049497277,68002000.0,,122433000.0,0.0007049589622558639,5.0,,,0.048447560149102,0.19801980198019803,,0.07920792079207921,0.13861386138613863,"analysts,news_90d,options_ratio",True,pass,252,0.46608753983094164,-0.04232008939993746,0.08748912503146655,-0.44977195202606124,0.6071428571428571,recent residual not positive,False
ECG,2015845,"Everus Construction Group, Inc.",1531,Operative Builders,XLI,Industrials,6015320036.63446,68251442.65896389,0.010445986526690687,416065.0,2026-06-30,2026-08-05,0.3365083464826699,"[np.float64(0.297), np.float64(0.332), np.float64(0.254), np.float64(0.337)]",1,4266792000.0,0.14853107514370137,"[np.float64(0.126), np.float64(0.116), np.float64(0.126), np.float64(0.149)]",0.022649962073435254,254461000.0,,553000.0,0.0011226199759539757,6.0,,,0.08436181846586471,0.26732673267326734,,0.19801980198019803,0.23267326732673269,"analysts,news_90d,options_ratio",True,pass,252,0.5249026475775344,-0.05195003867319119,-0.24979889432908062,0.9790316520731468,0.07142857142857142,recent residual not positive,False
