case,start,end,cagr,vol,sharpe,max_drawdown,turnover,d_sharpe,d_max_drawdown,earns_place
full,2011-04-30,2021-09-30,0.10576752415955792,0.0976144240092972,1.0247278987297477,-0.15052085629057088,0.6665452027490263,0.0,0.0,
-STR,2011-04-30,2021-09-30,0.10594270560527796,0.09747929221099903,1.0276556637338519,-0.1519979581602855,0.7594717090824001,0.002927765004104188,-0.0014771018697146143,True
-REG,2011-04-30,2021-09-30,0.1013575410194083,0.09416952981725062,1.0160140797791908,-0.1385273003348656,0.5393496996336328,-0.008713818950556895,0.011993555955705282,True
-CAP,2011-04-30,2021-09-30,0.10320429202752357,0.09659969236261913,1.0102807646798475,-0.14910453859582162,0.6674843452747214,-0.014447134049900168,0.0014163176947492584,True
-VAL,2011-04-30,2021-09-30,0.10510072405990045,0.09567212128211529,1.037294543132966,-0.14280313984374515,0.6767782079484511,0.012566644403218419,0.007717716446825729,False
-LIQ,2011-04-30,2021-09-30,0.1060344887098521,0.09743296798270244,1.0289671856088538,-0.1504146509156069,0.6404781106331511,0.00423928687910613,0.00010620537496397464,False
-MOM,2011-04-30,2021-09-30,0.10194449055117083,0.09404917565701548,1.0229023844052254,-0.14142453381521525,0.7193914749738431,-0.0018255143245222705,0.009096322475355634,True
-L1,2011-04-30,2021-09-30,0.10594270560527796,0.09747929221099903,1.0276556637338519,-0.1519979581602855,0.7594717090824001,0.002927765004104188,-0.0014771018697146143,True
-L2,2011-04-30,2021-09-30,0.1013575410194083,0.09416952981725062,1.0160140797791908,-0.1385273003348656,0.5393496996336328,-0.008713818950556895,0.011993555955705282,True
-L4,2011-04-30,2021-09-30,0.10930195685596567,0.09814869396549594,1.0524819761776223,-0.15387455465550526,1.00045623067711,0.027754077447874614,-0.0033536983649343766,True
-L5,2011-04-30,2021-09-30,0.10621716737265108,0.09779771070907102,1.027143742858502,-0.15337489191748477,0.7728976501260376,0.0024158441287542853,-0.0028540356269138867,True
