signal,horizon,n,ic,t_nw,hit_rate,quintile_spread,asset,sample
eq_real_eps_growth,1,194,0.05414027031630445,0.7486866945074367,0.5309278350515464,0.007370535234608981,EQ,in_sample
eq_productivity,1,194,-0.13334934910690474,-1.7149894109520214,0.4587628865979381,-0.007131081960333718,EQ,in_sample
eq_profit_share,1,194,0.10944024576449302,1.5889751583673053,0.5412371134020618,0.012522525132878638,EQ,in_sample
eq_net_issuance,1,0,,,,,EQ,in_sample
eq_margin_debt,1,0,,,,,EQ,in_sample
eq_cape,1,194,-0.05693219663548404,-0.7413062576210058,0.4845360824742268,-0.012219315051428674,EQ,in_sample
eq_erp,1,0,,,,,EQ,in_sample
eq_global_liq,1,0,,,,,EQ,in_sample
eq_fed_net_liq,1,6,,,,,EQ,in_sample
eq_mom,1,194,0.14755368989428977,1.9053505392512065,0.5618556701030928,0.015723330964562226,EQ,in_sample
eq_trend,1,194,0.09835113068918391,1.2726554079095984,0.5854922279792746,0.015264538550692989,EQ,in_sample
comp:STR,1,194,0.075351016004388,0.975813032847431,0.5154639175257731,0.01298942418605743,EQ,in_sample
comp:REG,1,254,0.03622265295589879,0.577407163075605,0.5078740157480315,0.005694154509176692,EQ,in_sample
comp:CAP,1,0,,,,,EQ,in_sample
comp:VAL,1,194,-0.05693219663548404,-0.7413062576210058,0.4845360824742268,-0.012219315051428674,EQ,in_sample
comp:LIQ,1,6,,,,,EQ,in_sample
comp:MOM,1,194,0.13400622435443207,1.7547511313537398,0.5885416666666666,0.024292920777508855,EQ,in_sample
composite,1,194,0.04112949351777758,0.5426958791370058,0.5360824742268041,0.006405999320356672,EQ,in_sample
eq_real_eps_growth,3,192,0.0512662968548101,0.4909444956695289,0.53125,0.01992446603057238,EQ,in_sample
eq_productivity,3,192,-0.19448148905634674,-1.77068813716793,0.4166666666666667,-0.02552594894894051,EQ,in_sample
eq_profit_share,3,192,0.23954499212370092,2.4566083388916002,0.5833333333333334,0.05150752629767417,EQ,in_sample
eq_net_issuance,3,0,,,,,EQ,in_sample
eq_margin_debt,3,0,,,,,EQ,in_sample
eq_cape,3,192,-0.06535745942085297,-0.5888984096067446,0.4635416666666667,-0.03523696789398757,EQ,in_sample
eq_erp,3,0,,,,,EQ,in_sample
eq_global_liq,3,0,,,,,EQ,in_sample
eq_fed_net_liq,3,6,,,,,EQ,in_sample
eq_mom,3,192,0.2049715099976857,1.9178781531801599,0.5729166666666666,0.03680823113563641,EQ,in_sample
eq_trend,3,192,0.19649019642859686,2.004567674559057,0.6073298429319371,0.053282307205287545,EQ,in_sample
comp:STR,3,192,0.13767828447965605,1.2544128700972037,0.515625,0.04055788131791517,EQ,in_sample
comp:REG,3,252,0.028593632626496595,0.33843516543848595,0.48412698412698413,0.007623475678590334,EQ,in_sample
comp:CAP,3,0,,,,,EQ,in_sample
comp:VAL,3,192,-0.06535745942085297,-0.5888984096067446,0.4635416666666667,-0.03523696789398757,EQ,in_sample
comp:LIQ,3,6,,,,,EQ,in_sample
comp:MOM,3,192,0.21410659641176186,2.1085614430371264,0.6052631578947368,0.05734124027226095,EQ,in_sample
composite,3,192,0.08786086986011303,0.8638884812843335,0.4947916666666667,0.00554568684052165,EQ,in_sample
eq_real_eps_growth,6,189,0.0784578423586338,0.5130798584387863,0.5396825396825397,0.035307935031341685,EQ,in_sample
eq_productivity,6,189,-0.2669780512029228,-1.9089866147266878,0.4603174603174603,-0.08048243295022624,EQ,in_sample
eq_profit_share,6,189,0.31221290243383554,2.4015027995292066,0.6349206349206349,0.116848104510367,EQ,in_sample
eq_net_issuance,6,0,,,,,EQ,in_sample
eq_margin_debt,6,0,,,,,EQ,in_sample
eq_cape,6,189,-0.11863991548728244,-0.8010829311142569,0.4497354497354497,-0.07832786610675596,EQ,in_sample
eq_erp,6,0,,,,,EQ,in_sample
eq_global_liq,6,0,,,,,EQ,in_sample
eq_fed_net_liq,6,6,,,,,EQ,in_sample
eq_mom,6,189,0.2672040685575538,1.9003288000825551,0.6190476190476191,0.04791661469674406,EQ,in_sample
eq_trend,6,189,0.2854503075316716,2.304487990177938,0.6436170212765957,0.08725928206579817,EQ,in_sample
comp:STR,6,189,0.18174538291165998,1.2224336468140424,0.5079365079365079,0.04825800796866495,EQ,in_sample
comp:REG,6,249,0.02563064685457515,0.22072403740419985,0.5020080321285141,-0.0036843646685720474,EQ,in_sample
comp:CAP,6,0,,,,,EQ,in_sample
comp:VAL,6,189,-0.11863991548728244,-0.8010829311142569,0.4497354497354497,-0.07832786610675596,EQ,in_sample
comp:LIQ,6,6,,,,,EQ,in_sample
comp:MOM,6,189,0.30254436289688824,2.297497233005528,0.6256684491978609,0.0841729957771723,EQ,in_sample
composite,6,189,0.11564204451029693,0.8075929062907158,0.5291005291005291,0.0024192730288239914,EQ,in_sample
eq_real_eps_growth,12,183,0.10168696540968132,0.4802427143972745,0.5300546448087432,0.009376740048924359,EQ,in_sample
eq_productivity,12,183,-0.3116567815828141,-1.8403615724031144,0.4371584699453552,-0.18614476256787524,EQ,in_sample
eq_profit_share,12,183,0.3313174938232498,2.0455383238616824,0.6229508196721312,0.2009459397812745,EQ,in_sample
eq_net_issuance,12,0,,,,,EQ,in_sample
eq_margin_debt,12,0,,,,,EQ,in_sample
eq_cape,12,183,-0.1777110594206229,-0.9601721018902216,0.44808743169398907,-0.13083616113358,EQ,in_sample
eq_erp,12,0,,,,,EQ,in_sample
eq_global_liq,12,0,,,,,EQ,in_sample
eq_fed_net_liq,12,5,,,,,EQ,in_sample
eq_mom,12,183,0.332461693184941,1.9332429988731,0.6174863387978142,0.139219462365191,EQ,in_sample
eq_trend,12,183,0.3401260177705574,2.1589152715258604,0.6483516483516484,0.19593263890434492,EQ,in_sample
comp:STR,12,183,0.15709623120504035,0.7966476976837713,0.45901639344262296,0.06460910170657277,EQ,in_sample
comp:REG,12,243,0.016841747228888967,0.12437968347853376,0.4732510288065844,-0.017709270054041867,EQ,in_sample
comp:CAP,12,0,,,,,EQ,in_sample
comp:VAL,12,183,-0.1777110594206229,-0.9601721018902216,0.44808743169398907,-0.13083616113358,EQ,in_sample
comp:LIQ,12,5,,,,,EQ,in_sample
comp:MOM,12,183,0.37217025731915065,2.2735549152706627,0.6243093922651933,0.17083288289890658,EQ,in_sample
composite,12,183,0.12085769980512617,0.6563769192337965,0.4808743169398907,0.057248411366817256,EQ,in_sample
eq_real_eps_growth,1,125,-0.043730892172989484,-0.5355424781824089,0.52,-0.002830080041851344,EQ,out_of_sample
eq_productivity,1,125,0.10715605169775387,1.1570207406698776,0.544,0.00993111035520516,EQ,out_of_sample
eq_profit_share,1,125,0.0168622096266311,0.1832515819724789,0.512,-0.001991058179546838,EQ,out_of_sample
eq_net_issuance,1,0,,,,,EQ,out_of_sample
eq_margin_debt,1,0,,,,,EQ,out_of_sample
eq_cape,1,125,0.04141890714558146,0.4792315217672407,0.464,-0.0010307466989026397,EQ,out_of_sample
eq_erp,1,0,,,,,EQ,out_of_sample
eq_global_liq,1,0,,,,,EQ,out_of_sample
eq_fed_net_liq,1,99,0.13401660304179216,1.3102037809399771,0.5454545454545454,0.01358357287591892,EQ,out_of_sample
eq_mom,1,125,-0.16458193265729598,-1.776419922500284,0.392,-0.025404335188529602,EQ,out_of_sample
eq_trend,1,125,-0.1647896158520406,-1.6923904344968335,0.424,-0.01647357610049602,EQ,out_of_sample
comp:STR,1,125,0.06568745418519566,0.7808992416811981,0.528,-0.002445688582615912,EQ,out_of_sample
comp:REG,1,125,0.06798742163795109,0.7531894485478589,0.536,0.0002026972366145647,EQ,out_of_sample
comp:CAP,1,0,,,,,EQ,out_of_sample
comp:VAL,1,125,0.04141890714558146,0.4792315217672407,0.464,-0.0010307466989026397,EQ,out_of_sample
comp:LIQ,1,99,0.13401660304179216,1.3102037809399771,0.5454545454545454,0.01358357287591892,EQ,out_of_sample
comp:MOM,1,125,-0.19260051276525822,-2.0759317227924887,0.43548387096774194,-0.026881103584561267,EQ,out_of_sample
composite,1,125,0.04827035330261136,0.5323911010517027,0.512,-0.0007876778574134394,EQ,out_of_sample
eq_real_eps_growth,3,123,-0.21099038915507642,-2.2695893040742736,0.4634146341463415,-0.025044944242423206,EQ,out_of_sample
eq_productivity,3,123,0.16847357107330285,1.5122066612507015,0.5609756097560976,0.028678546960047478,EQ,out_of_sample
eq_profit_share,3,123,-0.006265943043373798,-0.05552045457327748,0.5284552845528455,-0.0024614368630204997,EQ,out_of_sample
eq_net_issuance,3,0,,,,,EQ,out_of_sample
eq_margin_debt,3,0,,,,,EQ,out_of_sample
eq_cape,3,123,0.03515396507791001,0.2823137624023835,0.5121951219512195,-0.0043029870715154475,EQ,out_of_sample
eq_erp,3,0,,,,,EQ,out_of_sample
eq_global_liq,3,0,,,,,EQ,out_of_sample
eq_fed_net_liq,3,97,0.27977905321137564,2.0909714468279894,0.5979381443298969,0.040336286293514045,EQ,out_of_sample
eq_mom,3,123,-0.14192100402652308,-1.257086376932151,0.42276422764227645,-0.03368254944711513,EQ,out_of_sample
eq_trend,3,123,-0.2341920504103362,-1.9416513070791928,0.3821138211382114,-0.03491969779456242,EQ,out_of_sample
comp:STR,3,123,-0.024515502933992444,-0.2586529799743085,0.5121951219512195,0.0035436685402770868,EQ,out_of_sample
comp:REG,3,123,0.0803275807041836,0.9055573701963459,0.5365853658536586,0.003270629629642363,EQ,out_of_sample
comp:CAP,3,0,,,,,EQ,out_of_sample
comp:VAL,3,123,0.03515396507791001,0.2823137624023835,0.5121951219512195,-0.0043029870715154475,EQ,out_of_sample
comp:LIQ,3,97,0.27977905321137564,2.0909714468279894,0.5979381443298969,0.040336286293514045,EQ,out_of_sample
comp:MOM,3,123,-0.21873165986554877,-1.796180432643529,0.4098360655737705,-0.04685340804240683,EQ,out_of_sample
composite,3,123,0.08223162347964041,0.8027366181016352,0.4796747967479675,0.011982872074247714,EQ,out_of_sample
eq_real_eps_growth,6,120,-0.35034922639764216,-3.082147823790408,0.36666666666666664,-0.0678055600364429,EQ,out_of_sample
eq_productivity,6,120,0.20987521078469423,1.2537758439341127,0.5916666666666667,0.060423224328181875,EQ,out_of_sample
eq_profit_share,6,120,0.06300030245423863,0.39188439169170924,0.525,-1.529093716368113e-05,EQ,out_of_sample
eq_net_issuance,6,0,,,,,EQ,out_of_sample
eq_margin_debt,6,0,,,,,EQ,out_of_sample
eq_cape,6,120,0.09436756096635039,0.6795183800533091,0.55,0.00194555591841436,EQ,out_of_sample
eq_erp,6,0,,,,,EQ,out_of_sample
eq_global_liq,6,0,,,,,EQ,out_of_sample
eq_fed_net_liq,6,94,0.2393470621550776,1.8982337420752657,0.6276595744680851,0.06461054431004208,EQ,out_of_sample
eq_mom,6,120,0.010703451614540163,0.09067153066952931,0.5333333333333333,-0.013396485146620313,EQ,out_of_sample
eq_trend,6,120,-0.06307450148881895,-0.395427868840804,0.5166666666666667,-0.02467060189507876,EQ,out_of_sample
comp:STR,6,120,-0.002038580232069375,-0.016062430523776657,0.49166666666666664,-0.025218521480670844,EQ,out_of_sample
comp:REG,6,120,0.06572029471424715,0.5626517837106548,0.55,0.005070084116512261,EQ,out_of_sample
comp:CAP,6,0,,,,,EQ,out_of_sample
comp:VAL,6,120,0.09436756096635039,0.6795183800533091,0.55,0.00194555591841436,EQ,out_of_sample
comp:LIQ,6,94,0.2393470621550776,1.8982337420752657,0.6276595744680851,0.06461054431004208,EQ,out_of_sample
comp:MOM,6,120,-0.03832790735037024,-0.25850082577749767,0.5294117647058824,-0.02440574964100911,EQ,out_of_sample
composite,6,120,0.13764844780887558,1.1110035805465392,0.525,0.022972889388121795,EQ,out_of_sample
eq_real_eps_growth,12,114,-0.512491251096344,-4.313893224494125,0.34210526315789475,-0.1448787888643353,EQ,out_of_sample
eq_productivity,12,114,0.21023471789508646,0.9381037117013967,0.543859649122807,0.1189545681474396,EQ,out_of_sample
eq_profit_share,12,114,-0.0789408666203101,-0.29841488529029114,0.4824561403508772,-0.05457585468419612,EQ,out_of_sample
eq_net_issuance,12,0,,,,,EQ,out_of_sample
eq_margin_debt,12,0,,,,,EQ,out_of_sample
eq_cape,12,114,0.32487170739771853,2.13264171288454,0.6228070175438597,0.08100335089833506,EQ,out_of_sample
eq_erp,12,0,,,,,EQ,out_of_sample
eq_global_liq,12,0,,,,,EQ,out_of_sample
eq_fed_net_liq,12,88,0.24936145380703637,1.919610511194675,0.6363636363636364,0.07072562554605724,EQ,out_of_sample
eq_mom,12,114,-0.1317400693954432,-0.9593042116884887,0.4473684210526316,-0.07437716181514847,EQ,out_of_sample
eq_trend,12,114,-0.057862574640606464,-0.4701228193000361,0.5087719298245614,-0.0446308435029327,EQ,out_of_sample
comp:STR,12,114,-0.25871811839275455,-1.4854374651799402,0.41228070175438597,-0.0804620654061285,EQ,out_of_sample
comp:REG,12,114,0.04699069256140977,0.33503215181962603,0.4649122807017544,0.02473717208014689,EQ,out_of_sample
comp:CAP,12,0,,,,,EQ,out_of_sample
comp:VAL,12,114,0.32487170739771853,2.13264171288454,0.6228070175438597,0.08100335089833506,EQ,out_of_sample
comp:LIQ,12,88,0.24936145380703637,1.919610511194675,0.6363636363636364,0.07072562554605724,EQ,out_of_sample
comp:MOM,12,114,-0.1163840505838729,-0.8270670068795498,0.49557522123893805,-0.07993131697446376,EQ,out_of_sample
composite,12,114,0.12265041210182054,0.8041247879364547,0.5087719298245614,0.03436931053560223,EQ,out_of_sample
au_deficit,1,127,0.12504357569028024,1.4957490548271324,0.5826771653543307,0.015582816627406426,AU,in_sample
au_debt,1,127,0.11037668268826084,1.2900294084564174,0.5669291338582677,0.00927191779925182,AU,in_sample
au_interest,1,127,0.09601066312041565,1.1243562725192418,0.5511811023622047,0.011366127484811892,AU,in_sample
au_cb_demand,1,0,,,,,AU,in_sample
au_mine_margin,1,0,,,,,AU,in_sample
au_gold_m2,1,67,0.12595680298658568,0.9885782637124885,0.4925373134328358,0.02777868057311395,AU,in_sample
au_realyield_resid,1,0,,,,,AU,in_sample
au_etf_flows,1,0,,,,,AU,in_sample
au_positioning,1,0,,,,,AU,in_sample
au_mom,1,55,-0.08510254515354773,-0.59558173892151,0.4727272727272727,0.0029456855417430957,AU,in_sample
au_trend,1,57,-0.297877167552327,-2.0491606392665993,0.3157894736842105,-0.026154207156363612,AU,in_sample
comp:STR,1,127,0.11955221022424861,1.402216868690629,0.5826771653543307,0.013658847156944163,AU,in_sample
comp:REG,1,127,-0.10249401154670143,-1.1737526772877607,0.46226415094339623,-0.011420216465602654,AU,in_sample
comp:CAP,1,0,,,,,AU,in_sample
comp:VAL,1,67,0.12595680298658568,0.9885782637124885,0.4925373134328358,0.02777868057311395,AU,in_sample
comp:LIQ,1,0,,,,,AU,in_sample
comp:MOM,1,57,-0.1960072595281307,-1.346653740784946,0.47368421052631576,-0.017910734100197324,AU,in_sample
composite,1,67,-0.14306808204964486,-1.1042609822260427,0.5074626865671642,-0.009403508379830023,AU,in_sample
au_deficit,3,125,0.22581651125145052,2.0373525842018396,0.584,0.04343762540213978,AU,in_sample
au_debt,3,125,0.11668979000693215,1.0654198939600006,0.544,0.02936882615515843,AU,in_sample
au_interest,3,125,0.09260712683021297,0.8331768373804722,0.528,0.024864390558984113,AU,in_sample
au_cb_demand,3,0,,,,,AU,in_sample
au_mine_margin,3,0,,,,,AU,in_sample
au_gold_m2,3,65,0.16343290044658165,1.1529513197271735,0.49230769230769234,0.060794332548139735,AU,in_sample
au_realyield_resid,3,0,,,,,AU,in_sample
au_etf_flows,3,0,,,,,AU,in_sample
au_positioning,3,0,,,,,AU,in_sample
au_mom,3,53,-0.286008023119373,-1.7565868802360105,0.41509433962264153,-0.07607533764949376,AU,in_sample
au_trend,3,55,-0.32093509887763205,-1.8215141605164324,0.3090909090909091,-0.05535141952613704,AU,in_sample
comp:STR,3,125,0.1509719163318956,1.461956298880057,0.576,0.03251367535484021,AU,in_sample
comp:REG,3,125,-0.2063022309515535,-2.117408608753213,0.4326923076923077,-0.04492801896330537,AU,in_sample
comp:CAP,3,0,,,,,AU,in_sample
comp:VAL,3,65,0.16343290044658165,1.1529513197271735,0.49230769230769234,0.060794332548139735,AU,in_sample
comp:LIQ,3,0,,,,,AU,in_sample
comp:MOM,3,55,-0.3505772005772007,-2.4791610567714724,0.43636363636363634,-0.1041879383754621,AU,in_sample
composite,3,65,-0.2661713286713287,-2.0063384034146954,0.47692307692307695,-0.0429792671358851,AU,in_sample
au_deficit,6,122,0.2349673507164784,1.6893779339262682,0.5983606557377049,0.06177324634904949,AU,in_sample
au_debt,6,122,0.2220370992533011,1.6999212006746058,0.6147540983606558,0.05183429276201171,AU,in_sample
au_interest,6,122,0.15068607339595944,1.0051947665598606,0.6311475409836066,0.0179620890681967,AU,in_sample
au_cb_demand,6,0,,,,,AU,in_sample
au_mine_margin,6,0,,,,,AU,in_sample
au_gold_m2,6,62,0.2282808425077708,1.6984965102329554,0.5,0.12302974583575162,AU,in_sample
au_realyield_resid,6,0,,,,,AU,in_sample
au_etf_flows,6,0,,,,,AU,in_sample
au_positioning,6,0,,,,,AU,in_sample
au_mom,6,50,-0.4832288891882447,-2.412223206467233,0.4,-0.14793486703970715,AU,in_sample
au_trend,6,52,-0.2750907152986866,-2.344440794580354,0.4230769230769231,-0.13321853800639266,AU,in_sample
comp:STR,6,122,0.23901075303637836,1.904993941706448,0.6311475409836066,0.02627939158593247,AU,in_sample
comp:REG,6,122,-0.23715865798114108,-2.355367175770405,0.39603960396039606,-0.08373725526963031,AU,in_sample
comp:CAP,6,0,,,,,AU,in_sample
comp:VAL,6,62,0.2282808425077708,1.6984965102329554,0.5,0.12302974583575162,AU,in_sample
comp:LIQ,6,0,,,,,AU,in_sample
comp:MOM,6,52,-0.49252966789037816,-3.3770488671192687,0.36538461538461536,-0.1689951731621125,AU,in_sample
composite,6,62,-0.30568356374807987,-1.671369718705013,0.5,-0.12170366896001573,AU,in_sample
au_deficit,12,116,0.29910810417305184,2.104493994252908,0.5344827586206896,0.11854283384806003,AU,in_sample
au_debt,12,116,0.27790427767369696,1.7037006407661113,0.6896551724137931,0.07753657054019242,AU,in_sample
au_interest,12,116,0.06590533692274804,0.3256829203680323,0.6206896551724138,0.022141868485247546,AU,in_sample
au_cb_demand,12,0,,,,,AU,in_sample
au_mine_margin,12,0,,,,,AU,in_sample
au_gold_m2,12,56,0.534960904403803,4.67101169448599,0.5,0.23590650789042922,AU,in_sample
au_realyield_resid,12,0,,,,,AU,in_sample
au_etf_flows,12,0,,,,,AU,in_sample
au_positioning,12,0,,,,,AU,in_sample
au_mom,12,44,-0.5141649048625793,-2.713437008644102,0.38636363636363635,-0.1939438721589013,AU,in_sample
au_trend,12,46,-0.51276674576369,-3.7968224634848013,0.34782608695652173,-0.21861404470316614,AU,in_sample
comp:STR,12,116,0.2744460335032179,1.6144824343714235,0.6724137931034483,0.04502914983732206,AU,in_sample
comp:REG,12,116,-0.17707238821248103,-1.2609697370055917,0.42105263157894735,-0.039966688156333696,AU,in_sample
comp:CAP,12,0,,,,,AU,in_sample
comp:VAL,12,56,0.534960904403803,4.67101169448599,0.5,0.23590650789042922,AU,in_sample
comp:LIQ,12,0,,,,,AU,in_sample
comp:MOM,12,46,-0.6511871723712611,-4.631388641633413,0.34782608695652173,-0.2676910633829804,AU,in_sample
composite,12,56,-0.3140123034859877,-1.4638820762764022,0.4642857142857143,-0.105236487752698,AU,in_sample
au_deficit,1,125,-0.08412576024838955,-0.9046191582582395,0.432,-2.5737808509078766e-05,AU,out_of_sample
au_debt,1,125,0.02063481273224075,0.2386887230219842,0.496,0.0003962551870538584,AU,out_of_sample
au_interest,1,125,0.10833079016233355,1.1689117935275888,0.52,0.021182228509887116,AU,out_of_sample
au_cb_demand,1,0,,,,,AU,out_of_sample
au_mine_margin,1,0,,,,,AU,out_of_sample
au_gold_m2,1,125,0.1498616492101146,1.7247171267695232,0.568,0.019384176663091782,AU,out_of_sample
au_realyield_resid,1,45,0.054250356621007925,0.3752852168684012,0.4666666666666667,-0.007607886050000338,AU,out_of_sample
au_etf_flows,1,0,,,,,AU,out_of_sample
au_positioning,1,0,,,,,AU,out_of_sample
au_mom,1,125,0.08908547148173958,0.8909412275141289,0.488,0.013659634857280513,AU,out_of_sample
au_trend,1,125,-0.017237883019689343,-0.1809864652081872,0.488,0.0015516722004290354,AU,out_of_sample
comp:STR,1,125,0.04140558396232838,0.4404919869572146,0.488,-0.0048543193002589646,AU,out_of_sample
comp:REG,1,125,0.06551255075249329,0.7581807569834925,0.5384615384615384,0.01600138201718282,AU,out_of_sample
comp:CAP,1,0,,,,,AU,out_of_sample
comp:VAL,1,125,0.08949620194821918,0.9938610048331049,0.584,0.012881302292755591,AU,out_of_sample
comp:LIQ,1,0,,,,,AU,out_of_sample
comp:MOM,1,125,0.043602087960282844,0.4446032934297693,0.5241935483870968,0.004357699418568921,AU,out_of_sample
composite,1,125,0.11615071605346428,1.2729408312560133,0.56,0.02366858433925757,AU,out_of_sample
au_deficit,3,123,-0.1644657712818751,-1.2346983730617496,0.37398373983739835,-0.024770788344784286,AU,out_of_sample
au_debt,3,123,-0.01610372575077499,-0.13384026822225592,0.4959349593495935,-0.0015449073988795421,AU,out_of_sample
au_interest,3,123,0.20864023945932614,1.9486560707470477,0.5853658536585366,0.04705050234298396,AU,out_of_sample
au_cb_demand,3,0,,,,,AU,out_of_sample
au_mine_margin,3,0,,,,,AU,out_of_sample
au_gold_m2,3,123,0.23510137152355676,1.9452046252607658,0.5365853658536586,0.06688018506158025,AU,out_of_sample
au_realyield_resid,3,43,0.16994590199560655,0.897094617681961,0.46511627906976744,0.03201287399602182,AU,out_of_sample
au_etf_flows,3,0,,,,,AU,out_of_sample
au_positioning,3,0,,,,,AU,out_of_sample
au_mom,3,123,0.1687812040501651,1.347843524235492,0.4878048780487805,0.04492097747718292,AU,out_of_sample
au_trend,3,123,0.06558778182907427,0.516487399673053,0.5365853658536586,0.022221423602120035,AU,out_of_sample
comp:STR,3,123,0.06280966689665929,0.49208528092685727,0.4878048780487805,-0.016373672426201434,AU,out_of_sample
comp:REG,3,123,0.04053897979163539,0.3613102747718239,0.43137254901960786,0.019289706046839026,AU,out_of_sample
comp:CAP,3,0,,,,,AU,out_of_sample
comp:VAL,3,123,0.131373115277531,1.071424898763964,0.5528455284552846,0.039682402912685155,AU,out_of_sample
comp:LIQ,3,0,,,,,AU,out_of_sample
comp:MOM,3,123,0.13287672785159996,1.030288559138497,0.5245901639344263,0.036606566135617864,AU,out_of_sample
composite,3,123,0.1781838525621948,1.5001682843830184,0.5040650406504065,0.06365690399532926,AU,out_of_sample
au_deficit,6,120,-0.2994261315062339,-1.8058521206164744,0.2833333333333333,-0.07316194121385496,AU,out_of_sample
au_debt,6,120,-0.22697493526782014,-1.5977322273347636,0.5,-0.050479682955428866,AU,out_of_sample
au_interest,6,120,0.2715920452238534,1.7648564588129412,0.6916666666666667,0.08237149761733616,AU,out_of_sample
au_cb_demand,6,0,,,,,AU,out_of_sample
au_mine_margin,6,0,,,,,AU,out_of_sample
au_gold_m2,6,120,0.37054248859262295,2.5853121114330078,0.6083333333333333,0.11984402464719297,AU,out_of_sample
au_realyield_resid,6,40,0.23062532948934625,1.2159289312636223,0.5,0.05180232674866124,AU,out_of_sample
au_etf_flows,6,0,,,,,AU,out_of_sample
au_positioning,6,0,,,,,AU,out_of_sample
au_mom,6,120,0.21761350612596306,1.3965393114395277,0.5416666666666666,0.08136748269622177,AU,out_of_sample
au_trend,6,120,0.12734648416099217,0.77013555925383,0.5583333333333333,0.03666767264464797,AU,out_of_sample
comp:STR,6,120,0.012508355989455378,0.07257252165249077,0.475,-0.05999154377114842,AU,out_of_sample
comp:REG,6,120,0.20788000592872294,1.6178910820974728,0.5757575757575758,0.05616481731073985,AU,out_of_sample
comp:CAP,6,0,,,,,AU,out_of_sample
comp:VAL,6,120,0.21322243798973872,1.4039380439287785,0.5666666666666667,0.09092410299765724,AU,out_of_sample
comp:LIQ,6,0,,,,,AU,out_of_sample
comp:MOM,6,120,0.19323507105859783,1.1735672250644242,0.5378151260504201,0.07342368340065919,AU,out_of_sample
composite,6,120,0.3729223781559516,2.605711889514321,0.6916666666666667,0.12708194368845074,AU,out_of_sample
au_deficit,12,114,-0.5215679545320384,-2.8584471391327995,0.21929824561403508,-0.15947063464940958,AU,out_of_sample
au_debt,12,114,-0.33234938286933013,-2.2481981173160985,0.5,-0.11525326038793117,AU,out_of_sample
au_interest,12,114,0.26918466167164184,1.1419014592504904,0.6052631578947368,0.1356710937688093,AU,out_of_sample
au_cb_demand,12,0,,,,,AU,out_of_sample
au_mine_margin,12,0,,,,,AU,out_of_sample
au_gold_m2,12,114,0.5413204973367703,3.1410370322241064,0.7017543859649122,0.22504829437642754,AU,out_of_sample
au_realyield_resid,12,34,,,,,AU,out_of_sample
au_etf_flows,12,0,,,,,AU,out_of_sample
au_positioning,12,0,,,,,AU,out_of_sample
au_mom,12,114,0.37276519125219376,2.2618949542430165,0.543859649122807,0.1891977325023237,AU,out_of_sample
au_trend,12,114,0.3031045731426014,1.6626303596395906,0.543859649122807,0.12349838439697194,AU,out_of_sample
comp:STR,12,114,-0.1256538778608547,-0.6150350626302075,0.3684210526315789,-0.14806961487888717,AU,out_of_sample
comp:REG,12,114,0.1398853094861618,1.151525145176291,0.5161290322580645,0.125344581829003,AU,out_of_sample
comp:CAP,12,0,,,,,AU,out_of_sample
comp:VAL,12,114,0.3036505232704968,1.7377862661018086,0.6228070175438597,0.1467413977276471,AU,out_of_sample
comp:LIQ,12,0,,,,,AU,out_of_sample
comp:MOM,12,114,0.36662879666502074,2.024141247680166,0.5575221238938053,0.16040339997548544,AU,out_of_sample
composite,12,114,0.4287487672367943,2.588544107056849,0.5789473684210527,0.17633063737997975,AU,out_of_sample
btc_hashrate,1,0,,,,,BTC,in_sample
btc_addresses,1,0,,,,,BTC,in_sample
btc_etf_share,1,0,,,,,BTC,in_sample
btc_halving,1,0,,,,,BTC,in_sample
btc_mvrv,1,0,,,,,BTC,in_sample
btc_200w,1,0,,,,,BTC,in_sample
btc_etf_flows,1,0,,,,,BTC,in_sample
btc_stablecoins,1,0,,,,,BTC,in_sample
btc_global_liq,1,0,,,,,BTC,in_sample
btc_mom,1,0,,,,,BTC,in_sample
btc_trend,1,0,,,,,BTC,in_sample
comp:STR,1,0,,,,,BTC,in_sample
comp:REG,1,0,,,,,BTC,in_sample
comp:CAP,1,0,,,,,BTC,in_sample
comp:VAL,1,0,,,,,BTC,in_sample
comp:LIQ,1,0,,,,,BTC,in_sample
comp:MOM,1,0,,,,,BTC,in_sample
composite,1,0,,,,,BTC,in_sample
btc_hashrate,3,0,,,,,BTC,in_sample
btc_addresses,3,0,,,,,BTC,in_sample
btc_etf_share,3,0,,,,,BTC,in_sample
btc_halving,3,0,,,,,BTC,in_sample
btc_mvrv,3,0,,,,,BTC,in_sample
btc_200w,3,0,,,,,BTC,in_sample
btc_etf_flows,3,0,,,,,BTC,in_sample
btc_stablecoins,3,0,,,,,BTC,in_sample
btc_global_liq,3,0,,,,,BTC,in_sample
btc_mom,3,0,,,,,BTC,in_sample
btc_trend,3,0,,,,,BTC,in_sample
comp:STR,3,0,,,,,BTC,in_sample
comp:REG,3,0,,,,,BTC,in_sample
comp:CAP,3,0,,,,,BTC,in_sample
comp:VAL,3,0,,,,,BTC,in_sample
comp:LIQ,3,0,,,,,BTC,in_sample
comp:MOM,3,0,,,,,BTC,in_sample
composite,3,0,,,,,BTC,in_sample
btc_hashrate,6,0,,,,,BTC,in_sample
btc_addresses,6,0,,,,,BTC,in_sample
btc_etf_share,6,0,,,,,BTC,in_sample
btc_halving,6,0,,,,,BTC,in_sample
btc_mvrv,6,0,,,,,BTC,in_sample
btc_200w,6,0,,,,,BTC,in_sample
btc_etf_flows,6,0,,,,,BTC,in_sample
btc_stablecoins,6,0,,,,,BTC,in_sample
btc_global_liq,6,0,,,,,BTC,in_sample
btc_mom,6,0,,,,,BTC,in_sample
btc_trend,6,0,,,,,BTC,in_sample
comp:STR,6,0,,,,,BTC,in_sample
comp:REG,6,0,,,,,BTC,in_sample
comp:CAP,6,0,,,,,BTC,in_sample
comp:VAL,6,0,,,,,BTC,in_sample
comp:LIQ,6,0,,,,,BTC,in_sample
comp:MOM,6,0,,,,,BTC,in_sample
composite,6,0,,,,,BTC,in_sample
btc_hashrate,12,0,,,,,BTC,in_sample
btc_addresses,12,0,,,,,BTC,in_sample
btc_etf_share,12,0,,,,,BTC,in_sample
btc_halving,12,0,,,,,BTC,in_sample
btc_mvrv,12,0,,,,,BTC,in_sample
btc_200w,12,0,,,,,BTC,in_sample
btc_etf_flows,12,0,,,,,BTC,in_sample
btc_stablecoins,12,0,,,,,BTC,in_sample
btc_global_liq,12,0,,,,,BTC,in_sample
btc_mom,12,0,,,,,BTC,in_sample
btc_trend,12,0,,,,,BTC,in_sample
comp:STR,12,0,,,,,BTC,in_sample
comp:REG,12,0,,,,,BTC,in_sample
comp:CAP,12,0,,,,,BTC,in_sample
comp:VAL,12,0,,,,,BTC,in_sample
comp:LIQ,12,0,,,,,BTC,in_sample
comp:MOM,12,0,,,,,BTC,in_sample
composite,12,0,,,,,BTC,in_sample
btc_hashrate,1,0,,,,,BTC,out_of_sample
btc_addresses,1,0,,,,,BTC,out_of_sample
btc_etf_share,1,0,,,,,BTC,out_of_sample
btc_halving,1,84,0.14720251926151642,1.2075155153871948,0.5,0.034537290886584415,BTC,out_of_sample
btc_mvrv,1,0,,,,,BTC,out_of_sample
btc_200w,1,14,,,,,BTC,out_of_sample
btc_etf_flows,1,0,,,,,BTC,out_of_sample
btc_stablecoins,1,0,,,,,BTC,out_of_sample
btc_global_liq,1,0,,,,,BTC,out_of_sample
btc_mom,1,48,0.04095267489196173,0.26590728940510877,0.4583333333333333,0.03186683507504175,BTC,out_of_sample
btc_trend,1,53,0.28359385928743713,2.1298216178322824,0.5660377358490566,0.18887235087819898,BTC,out_of_sample
comp:STR,1,0,,,,,BTC,out_of_sample
comp:REG,1,84,0.1038007485320164,0.9931805530537207,0.5357142857142857,0.07233064182087243,BTC,out_of_sample
comp:CAP,1,84,0.14720251926151642,1.2075155153871948,0.5,0.034537290886584415,BTC,out_of_sample
comp:VAL,1,14,,,,,BTC,out_of_sample
comp:LIQ,1,0,,,,,BTC,out_of_sample
comp:MOM,1,53,0.21787169280288685,1.6622980227688675,0.5471698113207547,0.29602181445549264,BTC,out_of_sample
composite,1,53,0.19977824852581827,1.5250766872840458,0.5283018867924528,0.20508693080880305,BTC,out_of_sample
btc_hashrate,3,0,,,,,BTC,out_of_sample
btc_addresses,3,0,,,,,BTC,out_of_sample
btc_etf_share,3,0,,,,,BTC,out_of_sample
btc_halving,3,82,0.30987969220712125,1.706135888087767,0.5487804878048781,0.20462569353805635,BTC,out_of_sample
btc_mvrv,3,0,,,,,BTC,out_of_sample
btc_200w,3,12,,,,,BTC,out_of_sample
btc_etf_flows,3,0,,,,,BTC,out_of_sample
btc_stablecoins,3,0,,,,,BTC,out_of_sample
btc_global_liq,3,0,,,,,BTC,out_of_sample
btc_mom,3,46,-0.17582082550313502,-0.8436245884751956,0.41304347826086957,-0.1920939922490758,BTC,out_of_sample
btc_trend,3,51,0.2652451775311386,1.4724442403290285,0.5882352941176471,0.4550584346281326,BTC,out_of_sample
comp:STR,3,0,,,,,BTC,out_of_sample
comp:REG,3,82,0.07481386887217299,0.5365245870381592,0.5121951219512195,0.17791049299369802,BTC,out_of_sample
comp:CAP,3,82,0.30987969220712125,1.706135888087767,0.5487804878048781,0.20462569353805635,BTC,out_of_sample
comp:VAL,3,12,,,,,BTC,out_of_sample
comp:LIQ,3,0,,,,,BTC,out_of_sample
comp:MOM,3,51,0.15591763241496556,0.7143944349856316,0.5294117647058824,0.4330378710764109,BTC,out_of_sample
composite,3,51,0.15747675217851417,0.9054484530174696,0.4117647058823529,0.6295092940960327,BTC,out_of_sample
btc_hashrate,6,0,,,,,BTC,out_of_sample
btc_addresses,6,0,,,,,BTC,out_of_sample
btc_etf_share,6,0,,,,,BTC,out_of_sample
btc_halving,6,79,0.5088563253739898,2.9690611572201187,0.5822784810126582,1.1494841508024263,BTC,out_of_sample
btc_mvrv,6,0,,,,,BTC,out_of_sample
btc_200w,6,9,,,,,BTC,out_of_sample
btc_etf_flows,6,0,,,,,BTC,out_of_sample
btc_stablecoins,6,0,,,,,BTC,out_of_sample
btc_global_liq,6,0,,,,,BTC,out_of_sample
btc_mom,6,43,-0.4465184463673068,-3.296460401709044,0.3488372093023256,-0.9064481654672265,BTC,out_of_sample
btc_trend,6,48,0.2079882977913265,0.8526183225059749,0.5208333333333334,0.6968550953738314,BTC,out_of_sample
comp:STR,6,0,,,,,BTC,out_of_sample
comp:REG,6,79,-0.1329534901392041,-0.6298676300311753,0.45569620253164556,-0.0711222513219103,BTC,out_of_sample
comp:CAP,6,79,0.5088563253739898,2.9690611572201187,0.5822784810126582,1.1494841508024263,BTC,out_of_sample
comp:VAL,6,9,,,,,BTC,out_of_sample
comp:LIQ,6,0,,,,,BTC,out_of_sample
comp:MOM,6,48,0.0353982313927415,0.14036085620913896,0.4375,0.6096394780501229,BTC,out_of_sample
composite,6,48,-0.03191749230284129,-0.13336839301384318,0.3958333333333333,0.6820474027836118,BTC,out_of_sample
btc_hashrate,12,0,,,,,BTC,out_of_sample
btc_addresses,12,0,,,,,BTC,out_of_sample
btc_etf_share,12,0,,,,,BTC,out_of_sample
btc_halving,12,73,0.6812100520556337,5.107360451397615,0.6575342465753424,2.754302682601903,BTC,out_of_sample
btc_mvrv,12,0,,,,,BTC,out_of_sample
btc_200w,12,3,,,,,BTC,out_of_sample
btc_etf_flows,12,0,,,,,BTC,out_of_sample
btc_stablecoins,12,0,,,,,BTC,out_of_sample
btc_global_liq,12,0,,,,,BTC,out_of_sample
btc_mom,12,37,-0.42819023893043356,-2.165394059868229,0.3783783783783784,-1.1997978761127979,BTC,out_of_sample
btc_trend,12,42,-0.04678316022890013,-0.29782974581977983,0.42857142857142855,0.03409894551381071,BTC,out_of_sample
comp:STR,12,0,,,,,BTC,out_of_sample
comp:REG,12,73,-0.12549404676422274,-0.5617214086431818,0.4657534246575342,-0.21799251618734328,BTC,out_of_sample
comp:CAP,12,73,0.6812100520556337,5.107360451397615,0.6575342465753424,2.754302682601903,BTC,out_of_sample
comp:VAL,12,3,,,,,BTC,out_of_sample
comp:LIQ,12,0,,,,,BTC,out_of_sample
comp:MOM,12,42,-0.24059664751907028,-1.542516410694051,0.35714285714285715,0.4659351742274338,BTC,out_of_sample
composite,12,42,-0.13404108855469107,-0.7751742015355917,0.38095238095238093,0.23486046583700637,BTC,out_of_sample
en_power,1,0,,,,,EN,in_sample
en_global,1,0,,,,,EN,in_sample
en_reinvest,1,0,,,,,EN,in_sample
en_rigs,1,0,,,,,EN,in_sample
en_inventories,1,0,,,,,EN,in_sample
en_curve,1,0,,,,,EN,in_sample
en_fcf,1,0,,,,,EN,in_sample
en_rel_pe,1,0,,,,,EN,in_sample
en_positioning,1,0,,,,,EN,in_sample
en_rel_mom,1,75,-0.037242252505387215,-0.3240556753367518,0.48,0.002309611356046813,EN,in_sample
en_wti_mom,1,55,-0.08126150441454118,-0.5786819729010604,0.45454545454545453,-0.013646846363310877,EN,in_sample
comp:STR,1,0,,,,,EN,in_sample
comp:REG,1,147,0.09019805098802193,1.1283646967079848,0.5,0.0290231390588524,EN,in_sample
comp:CAP,1,0,,,,,EN,in_sample
comp:VAL,1,0,,,,,EN,in_sample
comp:LIQ,1,0,,,,,EN,in_sample
comp:MOM,1,75,-0.05963015647226173,-0.5074841375426922,0.49333333333333335,-4.060503732333798e-06,EN,in_sample
composite,1,0,,,,,EN,in_sample
en_power,3,0,,,,,EN,in_sample
en_global,3,0,,,,,EN,in_sample
en_reinvest,3,0,,,,,EN,in_sample
en_rigs,3,0,,,,,EN,in_sample
en_inventories,3,0,,,,,EN,in_sample
en_curve,3,0,,,,,EN,in_sample
en_fcf,3,0,,,,,EN,in_sample
en_rel_pe,3,0,,,,,EN,in_sample
en_positioning,3,0,,,,,EN,in_sample
en_rel_mom,3,73,-0.1430720221769212,-0.9252004176000417,0.3972602739726027,-0.03518394034432117,EN,in_sample
en_wti_mom,3,53,-0.30592411591160185,-1.7079767081550126,0.3018867924528302,-0.107830117649133,EN,in_sample
comp:STR,3,0,,,,,EN,in_sample
comp:REG,3,145,0.08099068535525039,0.7807152203285853,0.5470085470085471,0.08025449214925207,EN,in_sample
comp:CAP,3,0,,,,,EN,in_sample
comp:VAL,3,0,,,,,EN,in_sample
comp:LIQ,3,0,,,,,EN,in_sample
comp:MOM,3,73,-0.20646674071331608,-1.3499094993879552,0.3561643835616438,-0.04198884364978405,EN,in_sample
composite,3,0,,,,,EN,in_sample
en_power,6,0,,,,,EN,in_sample
en_global,6,0,,,,,EN,in_sample
en_reinvest,6,0,,,,,EN,in_sample
en_rigs,6,0,,,,,EN,in_sample
en_inventories,6,0,,,,,EN,in_sample
en_curve,6,0,,,,,EN,in_sample
en_fcf,6,0,,,,,EN,in_sample
en_rel_pe,6,0,,,,,EN,in_sample
en_positioning,6,0,,,,,EN,in_sample
en_rel_mom,6,70,-0.2019316572544985,-0.8986854823822872,0.44285714285714284,-0.12258062730720129,EN,in_sample
en_wti_mom,6,50,-0.5948698578193022,-4.581752812640264,0.22,-0.3653016745026407,EN,in_sample
comp:STR,6,0,,,,,EN,in_sample
comp:REG,6,142,0.01433492535411423,0.11049766541934876,0.5,0.08258293229534738,EN,in_sample
comp:CAP,6,0,,,,,EN,in_sample
comp:VAL,6,0,,,,,EN,in_sample
comp:LIQ,6,0,,,,,EN,in_sample
comp:MOM,6,70,-0.30704225352112674,-1.5093179976302786,0.37142857142857144,-0.19913550007129474,EN,in_sample
composite,6,0,,,,,EN,in_sample
en_power,12,0,,,,,EN,in_sample
en_global,12,0,,,,,EN,in_sample
en_reinvest,12,0,,,,,EN,in_sample
en_rigs,12,0,,,,,EN,in_sample
en_inventories,12,0,,,,,EN,in_sample
en_curve,12,0,,,,,EN,in_sample
en_fcf,12,0,,,,,EN,in_sample
en_rel_pe,12,0,,,,,EN,in_sample
en_positioning,12,0,,,,,EN,in_sample
en_rel_mom,12,64,-0.2575150530677857,-0.9469439733057032,0.34375,-0.2024019802426457,EN,in_sample
en_wti_mom,12,44,-0.433899791971183,-1.4213399566627847,0.3181818181818182,-0.4297950204591686,EN,in_sample
comp:STR,12,0,,,,,EN,in_sample
comp:REG,12,136,0.1759204227014339,1.376539698680753,0.5217391304347826,0.20343076500288915,EN,in_sample
comp:CAP,12,0,,,,,EN,in_sample
comp:VAL,12,0,,,,,EN,in_sample
comp:LIQ,12,0,,,,,EN,in_sample
comp:MOM,12,64,-0.2553113553113553,-0.9263968810150957,0.40625,-0.2838605101342786,EN,in_sample
composite,12,0,,,,,EN,in_sample
en_power,1,0,,,,,EN,out_of_sample
en_global,1,0,,,,,EN,out_of_sample
en_reinvest,1,0,,,,,EN,out_of_sample
en_rigs,1,0,,,,,EN,out_of_sample
en_inventories,1,0,,,,,EN,out_of_sample
en_curve,1,0,,,,,EN,out_of_sample
en_fcf,1,0,,,,,EN,out_of_sample
en_rel_pe,1,0,,,,,EN,out_of_sample
en_positioning,1,0,,,,,EN,out_of_sample
en_rel_mom,1,125,-0.06154300931842302,-0.6757137127539309,0.472,-0.011985128377283497,EN,out_of_sample
en_wti_mom,1,125,-0.017816071984467257,-0.20286645300669998,0.488,-0.026870180043903718,EN,out_of_sample
comp:STR,1,0,,,,,EN,out_of_sample
comp:REG,1,125,0.1450278647161876,1.6696804309788957,0.5882352941176471,0.03780505249295295,EN,out_of_sample
comp:CAP,1,0,,,,,EN,out_of_sample
comp:VAL,1,0,,,,,EN,out_of_sample
comp:LIQ,1,0,,,,,EN,out_of_sample
comp:MOM,1,125,-0.04247304735669761,-0.47580462725533207,0.488,-0.03181394962049328,EN,out_of_sample
composite,1,0,,,,,EN,out_of_sample
en_power,3,0,,,,,EN,out_of_sample
en_global,3,0,,,,,EN,out_of_sample
en_reinvest,3,0,,,,,EN,out_of_sample
en_rigs,3,0,,,,,EN,out_of_sample
en_inventories,3,0,,,,,EN,out_of_sample
en_curve,3,0,,,,,EN,out_of_sample
en_fcf,3,0,,,,,EN,out_of_sample
en_rel_pe,3,0,,,,,EN,out_of_sample
en_positioning,3,0,,,,,EN,out_of_sample
en_rel_mom,3,123,-0.16646155503276291,-1.3388983046572585,0.3902439024390244,-0.06133190146088535,EN,out_of_sample
en_wti_mom,3,123,-0.09352030922483978,-0.7576268562595967,0.3902439024390244,-0.04530011926265693,EN,out_of_sample
comp:STR,3,0,,,,,EN,out_of_sample
comp:REG,3,123,0.16186145277759673,1.3559521857264356,0.55,0.06666559957270761,EN,out_of_sample
comp:CAP,3,0,,,,,EN,out_of_sample
comp:VAL,3,0,,,,,EN,out_of_sample
comp:LIQ,3,0,,,,,EN,out_of_sample
comp:MOM,3,123,-0.13285993954654327,-1.0664391369283306,0.42276422764227645,-0.048475897581435994,EN,out_of_sample
composite,3,0,,,,,EN,out_of_sample
en_power,6,0,,,,,EN,out_of_sample
en_global,6,0,,,,,EN,out_of_sample
en_reinvest,6,0,,,,,EN,out_of_sample
en_rigs,6,0,,,,,EN,out_of_sample
en_inventories,6,0,,,,,EN,out_of_sample
en_curve,6,0,,,,,EN,out_of_sample
en_fcf,6,0,,,,,EN,out_of_sample
en_rel_pe,6,0,,,,,EN,out_of_sample
en_positioning,6,0,,,,,EN,out_of_sample
en_rel_mom,6,120,-0.20670297447351113,-1.2507079965138634,0.35,-0.11305853352074019,EN,out_of_sample
en_wti_mom,6,120,-0.0626985175452113,-0.4080499489080373,0.45,-0.03048033177481061,EN,out_of_sample
comp:STR,6,0,,,,,EN,out_of_sample
comp:REG,6,120,0.1816654148201737,1.3874414298944708,0.5670103092783505,0.07710130091716674,EN,out_of_sample
comp:CAP,6,0,,,,,EN,out_of_sample
comp:VAL,6,0,,,,,EN,out_of_sample
comp:LIQ,6,0,,,,,EN,out_of_sample
comp:MOM,6,120,-0.14945287017602776,-0.9392542711877289,0.38333333333333336,-0.053011538462746505,EN,out_of_sample
composite,6,0,,,,,EN,out_of_sample
en_power,12,0,,,,,EN,out_of_sample
en_global,12,0,,,,,EN,out_of_sample
en_reinvest,12,0,,,,,EN,out_of_sample
en_rigs,12,0,,,,,EN,out_of_sample
en_inventories,12,0,,,,,EN,out_of_sample
en_curve,12,0,,,,,EN,out_of_sample
en_fcf,12,0,,,,,EN,out_of_sample
en_rel_pe,12,0,,,,,EN,out_of_sample
en_positioning,12,0,,,,,EN,out_of_sample
en_rel_mom,12,114,-0.2876205896159407,-1.838799659895669,0.38596491228070173,-0.22887673604036288,EN,out_of_sample
en_wti_mom,12,114,-0.1972955608421883,-1.0867844286698431,0.41228070175438597,-0.16434714441804665,EN,out_of_sample
comp:STR,12,0,,,,,EN,out_of_sample
comp:REG,12,114,-0.057994682530860084,-0.46300437189700105,0.4725274725274725,-0.042483129744585756,EN,out_of_sample
comp:CAP,12,0,,,,,EN,out_of_sample
comp:VAL,12,0,,,,,EN,out_of_sample
comp:LIQ,12,0,,,,,EN,out_of_sample
comp:MOM,12,114,-0.2530105363593538,-1.4650856037401125,0.40350877192982454,-0.14418485665055772,EN,out_of_sample
composite,12,0,,,,,EN,out_of_sample
usd_reserve,1,0,,,,,USD,in_sample
usd_swift,1,0,,,,,USD,in_sample
usd_foreign_ust,1,0,,,,,USD,in_sample
usd_real_fx,1,0,,,,,USD,in_sample
usd_rate_diff,1,0,,,,,USD,in_sample
usd_tic,1,0,,,,,USD,in_sample
usd_positioning,1,0,,,,,USD,in_sample
usd_mom,1,0,,,,,USD,in_sample
comp:STR,1,0,,,,,USD,in_sample
comp:REG,1,62,0.17541024471632544,1.2509024438131437,0.5769230769230769,0.009558132043999348,USD,in_sample
comp:CAP,1,0,,,,,USD,in_sample
comp:VAL,1,0,,,,,USD,in_sample
comp:LIQ,1,0,,,,,USD,in_sample
comp:MOM,1,0,,,,,USD,in_sample
composite,1,0,,,,,USD,in_sample
usd_reserve,3,0,,,,,USD,in_sample
usd_swift,3,0,,,,,USD,in_sample
usd_foreign_ust,3,0,,,,,USD,in_sample
usd_real_fx,3,0,,,,,USD,in_sample
usd_rate_diff,3,0,,,,,USD,in_sample
usd_tic,3,0,,,,,USD,in_sample
usd_positioning,3,0,,,,,USD,in_sample
usd_mom,3,0,,,,,USD,in_sample
comp:STR,3,0,,,,,USD,in_sample
comp:REG,3,60,0.2403147557997628,1.180147444383684,0.6,0.01585542001326193,USD,in_sample
comp:CAP,3,0,,,,,USD,in_sample
comp:VAL,3,0,,,,,USD,in_sample
comp:LIQ,3,0,,,,,USD,in_sample
comp:MOM,3,0,,,,,USD,in_sample
composite,3,0,,,,,USD,in_sample
usd_reserve,6,0,,,,,USD,in_sample
usd_swift,6,0,,,,,USD,in_sample
usd_foreign_ust,6,0,,,,,USD,in_sample
usd_real_fx,6,0,,,,,USD,in_sample
usd_rate_diff,6,0,,,,,USD,in_sample
usd_tic,6,0,,,,,USD,in_sample
usd_positioning,6,0,,,,,USD,in_sample
usd_mom,6,0,,,,,USD,in_sample
comp:STR,6,0,,,,,USD,in_sample
comp:REG,6,57,0.08944308327405838,0.3205962712027979,0.5106382978723404,0.019403344900803532,USD,in_sample
comp:CAP,6,0,,,,,USD,in_sample
comp:VAL,6,0,,,,,USD,in_sample
comp:LIQ,6,0,,,,,USD,in_sample
comp:MOM,6,0,,,,,USD,in_sample
composite,6,0,,,,,USD,in_sample
usd_reserve,12,0,,,,,USD,in_sample
usd_swift,12,0,,,,,USD,in_sample
usd_foreign_ust,12,0,,,,,USD,in_sample
usd_real_fx,12,0,,,,,USD,in_sample
usd_rate_diff,12,0,,,,,USD,in_sample
usd_tic,12,0,,,,,USD,in_sample
usd_positioning,12,0,,,,,USD,in_sample
usd_mom,12,0,,,,,USD,in_sample
comp:STR,12,0,,,,,USD,in_sample
comp:REG,12,51,0.07794897449408582,0.38382098655810326,0.4878048780487805,-0.0010719415894394693,USD,in_sample
comp:CAP,12,0,,,,,USD,in_sample
comp:VAL,12,0,,,,,USD,in_sample
comp:LIQ,12,0,,,,,USD,in_sample
comp:MOM,12,0,,,,,USD,in_sample
composite,12,0,,,,,USD,in_sample
usd_reserve,1,0,,,,,USD,out_of_sample
usd_swift,1,0,,,,,USD,out_of_sample
usd_foreign_ust,1,0,,,,,USD,out_of_sample
usd_real_fx,1,31,0.23913701099450466,1.5594603370097575,0.5,0.006699992469755653,USD,out_of_sample
usd_rate_diff,1,0,,,,,USD,out_of_sample
usd_tic,1,0,,,,,USD,out_of_sample
usd_positioning,1,0,,,,,USD,out_of_sample
usd_mom,1,116,0.014693020819700031,0.15144709761596775,0.4482758620689655,0.00689450239003757,USD,out_of_sample
comp:STR,1,0,,,,,USD,out_of_sample
comp:REG,1,125,-0.05570753345575352,-0.6185088564845248,0.46601941747572817,-0.0017941821681942071,USD,out_of_sample
comp:CAP,1,0,,,,,USD,out_of_sample
comp:VAL,1,31,0.23913701099450466,1.5594603370097575,0.5,0.006699992469755653,USD,out_of_sample
comp:LIQ,1,0,,,,,USD,out_of_sample
comp:MOM,1,116,0.014693020819700031,0.15144709761596775,0.4482758620689655,0.00689450239003757,USD,out_of_sample
composite,1,31,-0.22822580645161292,-1.2675068332899815,0.3225806451612903,-0.009560321042506342,USD,out_of_sample
usd_reserve,3,0,,,,,USD,out_of_sample
usd_swift,3,0,,,,,USD,out_of_sample
usd_foreign_ust,3,0,,,,,USD,out_of_sample
usd_real_fx,3,29,0.3998029344280625,1.9759276543612359,0.5,0.02839565562456573,USD,out_of_sample
usd_rate_diff,3,0,,,,,USD,out_of_sample
usd_tic,3,0,,,,,USD,out_of_sample
usd_positioning,3,0,,,,,USD,out_of_sample
usd_mom,3,114,0.006577588408537639,0.051771092804522016,0.5175438596491229,0.010058689593593177,USD,out_of_sample
comp:STR,3,0,,,,,USD,out_of_sample
comp:REG,3,123,-0.12146340712648995,-1.082825659018928,0.4158415841584158,-0.010127621097167014,USD,out_of_sample
comp:CAP,3,0,,,,,USD,out_of_sample
comp:VAL,3,29,0.3998029344280625,1.9759276543612359,0.5,0.02839565562456573,USD,out_of_sample
comp:LIQ,3,0,,,,,USD,out_of_sample
comp:MOM,3,114,0.006577588408537639,0.051771092804522016,0.5175438596491229,0.010058689593593177,USD,out_of_sample
composite,3,29,-0.36108374384236447,-2.061698689707018,0.3103448275862069,-0.03701756516135853,USD,out_of_sample
usd_reserve,6,0,,,,,USD,out_of_sample
usd_swift,6,0,,,,,USD,out_of_sample
usd_foreign_ust,6,0,,,,,USD,out_of_sample
usd_real_fx,6,26,0.3125320613295792,1.1014828297831651,0.64,0.02571367475427389,USD,out_of_sample
usd_rate_diff,6,0,,,,,USD,out_of_sample
usd_tic,6,0,,,,,USD,out_of_sample
usd_positioning,6,0,,,,,USD,out_of_sample
usd_mom,6,111,0.03241127704534331,0.2011466278123201,0.5045045045045045,0.007002748750467146,USD,out_of_sample
comp:STR,6,0,,,,,USD,out_of_sample
comp:REG,6,120,0.0502284635651754,0.31591101251718884,0.5612244897959183,-0.005594307120096393,USD,out_of_sample
comp:CAP,6,0,,,,,USD,out_of_sample
comp:VAL,6,26,0.3125320613295792,1.1014828297831651,0.64,0.02571367475427389,USD,out_of_sample
comp:LIQ,6,0,,,,,USD,out_of_sample
comp:MOM,6,111,0.03241127704534331,0.2011466278123201,0.5045045045045045,0.007002748750467146,USD,out_of_sample
composite,6,26,-0.06735042735042734,-0.24382256329199697,0.5,-0.027401545118889585,USD,out_of_sample
usd_reserve,12,0,,,,,USD,out_of_sample
usd_swift,12,0,,,,,USD,out_of_sample
usd_foreign_ust,12,0,,,,,USD,out_of_sample
usd_real_fx,12,20,,,,,USD,out_of_sample
usd_rate_diff,12,0,,,,,USD,out_of_sample
usd_tic,12,0,,,,,USD,out_of_sample
usd_positioning,12,0,,,,,USD,out_of_sample
usd_mom,12,105,0.14151865210285092,0.8485142939648735,0.5238095238095238,0.018313803817828808,USD,out_of_sample
comp:STR,12,0,,,,,USD,out_of_sample
comp:REG,12,114,-0.21864532844646833,-1.257934654633722,0.40217391304347827,-0.048284410633759337,USD,out_of_sample
comp:CAP,12,0,,,,,USD,out_of_sample
comp:VAL,12,20,,,,,USD,out_of_sample
comp:LIQ,12,0,,,,,USD,out_of_sample
comp:MOM,12,105,0.14151865210285092,0.8485142939648735,0.5238095238095238,0.018313803817828808,USD,out_of_sample
composite,12,20,,,,,USD,out_of_sample
ltb_debt,1,194,0.04808904988769595,0.64631424152426,0.5412371134020618,0.0059955934770392315,LTB,in_sample
ltb_interest,1,194,0.04182003123985253,0.5977777984250221,0.5257731958762887,0.005189636781090199,LTB,in_sample
ltb_real_yield,1,38,0.2787820710816215,1.6347081737080238,0.5263157894736842,0.04375113260846872,LTB,in_sample
ltb_mom,1,194,-0.1291811667943911,-1.7966600903971484,0.42783505154639173,-0.010176429527110427,LTB,in_sample
comp:STR,1,194,0.04270746618211034,0.5885469396278702,0.5129533678756477,0.00151431740855517,LTB,in_sample
comp:REG,1,0,,,,,LTB,in_sample
comp:VAL,1,38,0.2787820710816215,1.6347081737080238,0.5263157894736842,0.04375113260846872,LTB,in_sample
comp:MOM,1,194,-0.1291811667943911,-1.7966600903971484,0.42783505154639173,-0.010176429527110427,LTB,in_sample
composite,1,194,0.004703086343947505,0.06611017595969737,0.5,0.0020605354630655794,LTB,in_sample
ltb_debt,3,192,0.03349372263923149,0.30921867624087945,0.53125,0.011425256688122613,LTB,in_sample
ltb_interest,3,192,0.06695966601320015,0.6475726394625364,0.5260416666666666,0.0209040768265106,LTB,in_sample
ltb_real_yield,3,36,0.4198457094320297,2.269053432934469,0.4722222222222222,0.08426977080758802,LTB,in_sample
ltb_mom,3,192,-0.21134624569224425,-2.2378908524327503,0.4270833333333333,-0.02855843916904232,LTB,in_sample
comp:STR,3,192,0.0303280394729135,0.2803191245701647,0.49214659685863876,0.01243159283167976,LTB,in_sample
comp:REG,3,0,,,,,LTB,in_sample
comp:VAL,3,36,0.4198457094320297,2.269053432934469,0.4722222222222222,0.08426977080758802,LTB,in_sample
comp:MOM,3,192,-0.21134624569224425,-2.2378908524327503,0.4270833333333333,-0.02855843916904232,LTB,in_sample
composite,3,192,-0.03058210266707513,-0.283217128407801,0.4895833333333333,-0.0015734908574825228,LTB,in_sample
ltb_debt,6,189,0.014800500205894457,0.11625890081182073,0.544973544973545,0.029595269979001353,LTB,in_sample
ltb_interest,6,189,0.08821691577362174,0.694593158416327,0.5291005291005291,0.024614767617994242,LTB,in_sample
ltb_real_yield,6,33,0.1421642912219291,0.7004181603950338,0.45454545454545453,0.042625072869374545,LTB,in_sample
ltb_mom,6,189,-0.3001207866975389,-2.8658971814572145,0.37566137566137564,-0.05549063240572244,LTB,in_sample
comp:STR,6,189,0.019938922954339976,0.1529448081973832,0.5159574468085106,0.02177137414222706,LTB,in_sample
comp:REG,6,0,,,,,LTB,in_sample
comp:VAL,6,33,0.1421642912219291,0.7004181603950338,0.45454545454545453,0.042625072869374545,LTB,in_sample
comp:MOM,6,189,-0.3001207866975389,-2.8658971814572145,0.37566137566137564,-0.05549063240572244,LTB,in_sample
composite,6,189,-0.12666468475463588,-1.0064542387469586,0.48148148148148145,-0.023172270830183538,LTB,in_sample
ltb_debt,12,183,0.07105659122451101,0.5289721135669949,0.5245901639344263,0.05422359285233678,LTB,in_sample
ltb_interest,12,183,0.11509923228591393,0.7537320742077218,0.4972677595628415,0.016822565079763818,LTB,in_sample
ltb_real_yield,12,27,,,,,LTB,in_sample
ltb_mom,12,183,-0.41935196506328104,-3.996300258596424,0.3333333333333333,-0.08402670525025924,LTB,in_sample
comp:STR,12,183,0.059613782325355934,0.42252650536064607,0.5054945054945055,0.044486615013620376,LTB,in_sample
comp:REG,12,0,,,,,LTB,in_sample
comp:VAL,12,27,,,,,LTB,in_sample
comp:MOM,12,183,-0.41935196506328104,-3.996300258596424,0.3333333333333333,-0.08402670525025924,LTB,in_sample
composite,12,183,-0.26147773673016944,-2.0734995078053386,0.40437158469945356,-0.04465194006941901,LTB,in_sample
ltb_debt,1,125,-0.008343963426993941,-0.09984185473355478,0.496,-0.005083412774493307,LTB,out_of_sample
ltb_interest,1,125,-0.07818034386910344,-0.8598656812664534,0.464,-0.02019304684831667,LTB,out_of_sample
ltb_real_yield,1,125,0.10439103187926131,1.1707817632095556,0.52,0.0039964484329509985,LTB,out_of_sample
ltb_mom,1,125,-0.08952871300114411,-1.0242152724204403,0.448,-0.005984890298260575,LTB,out_of_sample
comp:STR,1,125,-0.07242230488985933,-0.7701098299822285,0.5378151260504201,-0.0201389722801853,LTB,out_of_sample
comp:REG,1,0,,,,,LTB,out_of_sample
comp:VAL,1,125,0.10439103187926131,1.1707817632095556,0.52,0.0039964484329509985,LTB,out_of_sample
comp:MOM,1,125,-0.08952871300114411,-1.0242152724204403,0.448,-0.005984890298260575,LTB,out_of_sample
composite,1,125,-0.021217372083436003,-0.2263377940450446,0.48,-0.007849535955801623,LTB,out_of_sample
ltb_debt,3,123,0.038875526887800535,0.36833286926978503,0.4959349593495935,-0.011030229693072447,LTB,out_of_sample
ltb_interest,3,123,-0.1306888346758629,-1.0428055771980986,0.4634146341463415,-0.05034460770734811,LTB,out_of_sample
ltb_real_yield,3,123,0.1777522575619748,1.3950918733013333,0.4878048780487805,0.020052243830338906,LTB,out_of_sample
ltb_mom,3,123,-0.17452175594537916,-1.4901147284516516,0.3983739837398374,-0.02465592594973237,LTB,out_of_sample
comp:STR,3,123,-0.09993855504319929,-0.7691122426575586,0.5508474576271186,-0.050993426736134065,LTB,out_of_sample
comp:REG,3,0,,,,,LTB,out_of_sample
comp:VAL,3,123,0.1777522575619748,1.3950918733013333,0.4878048780487805,0.020052243830338906,LTB,out_of_sample
comp:MOM,3,123,-0.17452175594537916,-1.4901147284516516,0.3983739837398374,-0.02465592594973237,LTB,out_of_sample
composite,3,123,-0.09386931180281329,-0.7153437610181183,0.4959349593495935,-0.032042450326367794,LTB,out_of_sample
ltb_debt,6,120,0.20270388553589247,1.3674825941040356,0.5,0.03063891268376556,LTB,out_of_sample
ltb_interest,6,120,-0.15939754398086875,-0.9366497210154533,0.44166666666666665,-0.0644104569374358,LTB,out_of_sample
ltb_real_yield,6,120,0.26670620731093886,1.5502783067686476,0.475,0.05506086269277267,LTB,out_of_sample
ltb_mom,6,120,-0.19713746239750807,-1.2495759861727076,0.39166666666666666,-0.04439878806342937,LTB,out_of_sample
comp:STR,6,120,-0.07286731242071706,-0.42311677366361344,0.6239316239316239,-0.04373351494315114,LTB,out_of_sample
comp:REG,6,0,,,,,LTB,out_of_sample
comp:VAL,6,120,0.26670620731093886,1.5502783067686476,0.475,0.05506086269277267,LTB,out_of_sample
comp:MOM,6,120,-0.19713746239750807,-1.2495759861727076,0.39166666666666666,-0.04439878806342937,LTB,out_of_sample
composite,6,120,-0.030531117143058114,-0.17475741386847501,0.48333333333333334,-0.03116056452367938,LTB,out_of_sample
ltb_debt,12,114,0.33656781995666796,2.0635839723897305,0.5,0.08511846942826055,LTB,out_of_sample
ltb_interest,12,114,-0.11421649677178096,-0.5349724141052526,0.37719298245614036,-0.04996007800413747,LTB,out_of_sample
ltb_real_yield,12,114,0.39827852044339174,1.8263137340508373,0.5789473684210527,0.1050595600743964,LTB,out_of_sample
ltb_mom,12,114,-0.34637883860430196,-2.6227371107463284,0.40350877192982454,-0.13680594710921193,LTB,out_of_sample
comp:STR,12,114,-0.028537736070183003,-0.13309951673986942,0.5765765765765766,-0.05419876590602342,LTB,out_of_sample
comp:REG,12,0,,,,,LTB,out_of_sample
comp:VAL,12,114,0.39827852044339174,1.8263137340508373,0.5789473684210527,0.1050595600743964,LTB,out_of_sample
comp:MOM,12,114,-0.34637883860430196,-2.6227371107463284,0.40350877192982454,-0.13680594710921193,LTB,out_of_sample
composite,12,114,-0.04949897531786697,-0.2874849490438157,0.4824561403508772,-0.061936061248099625,LTB,out_of_sample
