asset,signal,ic_is,t_is,ic_oos,passes
AU,au_debt,0.27790427767369696,1.7037006407661113,-0.33234938286933013,False
AU,au_deficit,0.29910810417305184,2.104493994252908,-0.5215679545320384,False
AU,au_gold_m2,0.534960904403803,4.67101169448599,0.5413204973367703,True
AU,au_interest,0.06590533692274804,0.3256829203680323,0.26918466167164184,False
AU,au_mom,-0.5141649048625793,-2.713437008644102,0.37276519125219376,False
AU,au_trend,-0.51276674576369,-3.7968224634848013,0.3031045731426014,False
AU,comp:MOM,-0.6511871723712611,-4.631388641633413,0.36662879666502074,False
AU,comp:REG,-0.17707238821248103,-1.2609697370055917,0.1398853094861618,False
AU,comp:STR,0.2744460335032179,1.6144824343714235,-0.1256538778608547,False
AU,comp:VAL,0.534960904403803,4.67101169448599,0.3036505232704968,True
AU,composite,-0.3140123034859877,-1.4638820762764022,0.4287487672367943,False
BTC,comp:MOM,,,-0.24059664751907028,False
BTC,comp:REG,,,-0.12549404676422274,False
BTC,composite,,,-0.13404108855469107,False
BTC,btc_halving,,,0.6812100520556337,False
BTC,btc_mom,,,-0.42819023893043356,False
BTC,btc_trend,,,-0.04678316022890013,False
BTC,comp:CAP,,,0.6812100520556337,False
EN,comp:MOM,-0.2553113553113553,-0.9263968810150957,-0.2530105363593538,False
EN,comp:REG,0.1759204227014339,1.376539698680753,-0.057994682530860084,False
EN,en_rel_mom,-0.2575150530677857,-0.9469439733057032,-0.2876205896159407,False
EN,en_wti_mom,-0.433899791971183,-1.4213399566627847,-0.1972955608421883,False
EQ,comp:MOM,0.37217025731915065,2.2735549152706627,-0.1163840505838729,False
EQ,comp:REG,0.016841747228888967,0.12437968347853376,0.04699069256140977,False
EQ,comp:STR,0.15709623120504035,0.7966476976837713,-0.25871811839275455,False
EQ,comp:VAL,-0.1777110594206229,-0.9601721018902216,0.32487170739771853,False
EQ,composite,0.12085769980512617,0.6563769192337965,0.12265041210182054,False
EQ,comp:LIQ,,,0.24936145380703637,False
EQ,eq_cape,-0.1777110594206229,-0.9601721018902216,0.32487170739771853,False
EQ,eq_fed_net_liq,,,0.24936145380703637,False
EQ,eq_mom,0.332461693184941,1.9332429988731,-0.1317400693954432,False
EQ,eq_productivity,-0.3116567815828141,-1.8403615724031144,0.21023471789508646,False
EQ,eq_profit_share,0.3313174938232498,2.0455383238616824,-0.0789408666203101,False
EQ,eq_real_eps_growth,0.10168696540968132,0.4802427143972745,-0.512491251096344,False
EQ,eq_trend,0.3401260177705574,2.1589152715258604,-0.057862574640606464,False
LTB,comp:MOM,-0.41935196506328104,-3.996300258596424,-0.34637883860430196,False
LTB,comp:STR,0.059613782325355934,0.42252650536064607,-0.028537736070183003,False
LTB,comp:VAL,,,0.39827852044339174,False
LTB,composite,-0.26147773673016944,-2.0734995078053386,-0.04949897531786697,False
LTB,ltb_debt,0.07105659122451101,0.5289721135669949,0.33656781995666796,False
LTB,ltb_interest,0.11509923228591393,0.7537320742077218,-0.11421649677178096,False
LTB,ltb_mom,-0.41935196506328104,-3.996300258596424,-0.34637883860430196,False
LTB,ltb_real_yield,,,0.39827852044339174,False
USD,comp:MOM,,,0.14151865210285092,False
USD,comp:REG,0.07794897449408582,0.38382098655810326,-0.21864532844646833,False
USD,usd_mom,,,0.14151865210285092,False
