date,model,equal_weight,base_weights,sixty_forty,sp500
1990-01-31,0.006060913038526101,0.002848373185929717,0.006060913038526101,0.00673011955778915,0.01188353259631525
1990-02-28,0.012505095624126154,0.006568593519336703,0.012505095624126154,0.01589344493141615,0.02649930264993028
1990-03-31,-0.008054306298898651,-0.003707044848602274,-0.008054306298898651,-0.014979899955767519,-0.024945632271144658
1990-04-30,0.040955827798770654,0.02080536618232673,0.040955827798770654,0.0584795331717145,0.09748614836057112
1990-05-31,-0.0008027858202226455,-8.596954287826509e-05,-0.0008027858202226455,-0.0040969854733524606,-0.0067546298298253316
1990-06-30,0.0006518855108278326,0.0006481630575607358,0.0006518855108278326,-0.0019207273488937365,-0.0031957865551637266
1990-07-31,-0.03422478060493042,-0.016790888269482485,-0.03422478060493042,-0.054232247270491474,-0.09038451724322549
1990-08-31,-0.017608579783003113,-0.008493469620906854,-0.017608579783003113,-0.02924645797725672,-0.048667642873510775
1990-09-30,0.00012994478147543872,0.00037183479405982774,0.00012994478147543872,-0.0025849019988624725,-0.004268064788185089
1990-10-31,0.0276973604609776,0.014154835324241126,0.0276973604609776,0.03878943366814217,0.06465247933171092
1990-11-30,0.012902484829047368,0.00674445843826606,0.012902484829047368,0.016678249504841574,0.02784687304263067
1990-12-31,0.019172918500874866,0.009878139661817099,0.019172918500874866,0.026116401161464825,0.04354924666915694
1991-01-31,0.030276000252005643,0.015415062554733116,0.030276000252005643,0.042894816137781074,0.07152531247026905
1991-02-28,0.01120481167957504,0.00585548181068785,0.01120481167957504,0.014489819522269007,0.024204564882854163
1991-03-31,0.002424792154481159,0.0014577375754605327,0.002424792154481159,0.0014136247234968567,0.002375127669998145
1991-04-30,0.018735423180126345,0.009612958783148115,0.018735423180126345,0.0258880042870717,0.04314857120998439
1991-05-31,-0.016933022439637607,-0.008234795294273853,-0.016933022439637607,-0.027509717119481365,-0.04581588078679122
1991-06-30,0.019985979090856133,0.010217086852486923,0.019985979090856133,0.027944134526252634,0.04661124629436686
1991-07-31,0.01084280979077488,0.0056495159781936736,0.01084280979077488,0.014184995858516899,0.023677934280968982
1991-08-31,-0.0053075811966059126,-0.0024233850031376196,-0.0053075811966059126,-0.010049866143456548,-0.016731099898111945
1991-09-30,0.006701481859375086,0.003571682263038586,0.006701481859375086,0.008059153885798944,0.013445443751709751
1991-10-31,-0.014817018756469905,-0.0071926110328721996,-0.014817018756469905,-0.024181402452528193,-0.04029166714582877
1991-11-30,0.04696924191977583,0.023689545651004406,0.04696924191977583,0.0685938294426729,0.1143560809505324
1991-12-31,-0.00635887534441541,-0.00299912227946834,-0.00635887534441541,-0.011222468266142892,-0.01861850298119505
1992-01-31,0.006182856230313888,0.00325968661220503,0.006182856230313888,0.007753863596241807,0.012938169067248761
1992-02-29,-0.00683238810089778,-0.0032590855651765394,-0.00683238810089778,-0.011671699970755556,-0.019442562480578074
1992-03-31,0.01269693890436384,0.006507054255331043,0.01269693890436384,0.017611208481081417,0.029367751773126116
1992-04-30,0.002950090547147247,0.0016408767253738759,0.002950090547147247,0.0029160253074672804,0.004883129565746769
1992-05-31,-0.005011338331446016,-0.002350509506289059,-0.005011338331446016,-0.00892293550485829,-0.01486766408325313
1992-06-30,0.01723843429642413,0.008769410800137156,0.01723843429642413,0.024501090009462857,0.040847151204826515
1992-07-31,-0.007291185510445691,-0.0034965299893103177,-0.007291185510445691,-0.0123005750718617,-0.02046906244868807
1992-08-31,0.005494156080660936,0.002879327433547395,0.005494156080660936,0.0070434885396166835,0.011755726428246405
1992-09-30,0.002161253493031358,0.0012099924764764273,0.002161253493031358,0.0020699870698385257,0.003459317160873443
1992-10-31,0.014345336671901498,0.007293112328217162,0.014345336671901498,0.020427043364958253,0.03404783399645672
1992-11-30,0.005610019758087014,0.0029213217557921183,0.005610019758087014,0.007349820920948604,0.012276394499534549
1992-12-31,0.004117127433302446,0.0021878989832075455,0.004117127433302446,0.005004027925263074,0.008349795845924879
1993-01-31,0.00625805708510731,0.0032622550182954506,0.00625805708510731,0.008180649731103273,0.013641062756839295
1993-02-28,0.00918246072778073,0.004715026884422439,0.00918246072778073,0.012650996998876297,0.02109581925570647
1993-03-31,-0.008944268638619118,-0.004351851248587167,-0.008944268638619118,-0.014510993490213921,-0.02416832344102704
1993-04-30,0.01142331802674896,0.005832760209769831,0.01142331802674896,0.016035400542280337,0.026745286726485018
1993-05-31,0.0018762941490659997,0.001055471768687811,0.0018762941490659997,0.0017437201328807418,0.002927258524635379
1993-06-30,-0.0008719881146894976,-0.00031337045631487894,-0.0008719881146894976,-0.0024176884329687137,-0.004027143020627899
1993-07-31,0.015944157422001226,0.00809977250939599,0.015944157422001226,0.022766839266547934,0.0379479616287679
1993-08-31,-0.0023236755335684883,-0.001038351465434315,-0.0023236755335684883,-0.004617335697029555,-0.007665876960749829
1993-09-30,0.009026855299652446,0.004638751273195763,0.009026855299652446,0.012410532624658346,0.02069038208052798
1993-10-31,-0.0030895584515243935,-0.0014236305395805276,-0.0030895584515243935,-0.005736531431520334,-0.009544536378005786
1993-11-30,0.005587659769698531,0.0029190013640775984,0.005587659769698531,0.00725216292392393,0.012094617814621511
1993-12-31,0.014370677149237399,0.007313433231085282,0.014370677149237399,0.020395510863794618,0.03400212409213976
1994-01-31,-0.010109691245850289,-0.0049302028491048765,-0.010109691245850289,-0.016304813821529002,-0.027148031857292088
1994-02-28,-0.016708453670386546,-0.008232104409268384,-0.016708453670386546,-0.02617275407284283,-0.043599178737208644
1994-03-31,0.005919997897001705,0.0030920924033803724,0.005919997897001705,0.007672590632069881,0.012823467332654825
1994-04-30,0.007436754286147094,0.003863072043012237,0.007436754286147094,0.009844732281220651,0.016418067580073803
1994-05-31,-0.008888977846366917,-0.00429259288560871,-0.008888977846366917,-0.01471057912748454,-0.02450462554836741
1994-06-30,0.014152641726644958,0.007247004338739709,0.014152641726644958,0.019683440185376638,0.03282562987253623
1994-07-31,0.017422975752694757,0.00888119324355934,0.017422975752694757,0.024588591348239645,0.04100673886365103
1994-08-31,-0.00871526603978961,-0.00418068325767553,-0.00871526603978961,-0.014688061519592543,-0.02444808490466921
1994-09-30,0.010089568987777587,0.0052296609697822195,0.010089568987777587,0.0134615111437052,0.022455701545499585
1994-10-31,-0.01342173523481762,-0.006520326941061392,-0.01342173523481762,-0.02186106244759317,-0.03641737834437375
1994-11-30,0.0071558753939477415,0.003781474981428649,0.0071558753939477415,0.008887674067107696,0.01484257482318263
1994-12-31,0.011689681990520812,0.006063768016481647,0.011689681990520812,0.015552847543409928,0.025933181820639417
1995-01-31,0.015857641157426678,0.008716986574134316,0.01697184427612697,0.023362396587884613,0.038957756323572346
1995-02-28,0.01225969236204769,0.006842060462020871,0.013214978540090884,0.01768887442881932,0.02951191172664691
1995-03-31,0.012969142580140125,0.006840969415248769,0.01320625475966541,0.01765099334442461,0.029441520986486447
1995-04-30,0.016368577059332878,0.008941596722866874,0.017410835115280826,0.023972828966319804,0.03997785931732145
1995-05-31,0.010504912598685176,0.005574827532047416,0.010685688987015827,0.013917645178415275,0.023227308405139313
1995-06-30,0.014568903619632421,0.007570263671413619,0.014672148073644546,0.01988584575246534,0.03316140269647572
1995-07-31,0.0023273777618283377,0.0014049889697446791,0.0023598884216274978,0.0014948300311883155,0.002517394959303143
1995-08-31,0.017433390853465392,0.009341692158048363,0.018233687899500035,0.02531895727201263,0.04220027299868301
1995-09-30,3.3833025480642006e-06,0.00017219103340820793,-9.840453344502261e-05,-0.0021641195292711334,-0.003573939368439305
1995-10-31,0.018731168484839748,0.009655808482549528,0.018872272442827735,0.026330883056854937,0.04388767039048891
1995-11-30,0.00898444894543847,0.004719366077527636,0.00900621494375005,0.011538255906552585,0.019264635826922394
1995-12-31,0.014875143424959443,0.007695290751492365,0.014947367684902691,0.020414086798442418,0.03403871360105204
1996-01-31,0.004963963485301777,0.0026996985344763,0.004976931195499063,0.005544447660286099,0.009267432057959324
1996-02-29,0.004879158427536631,0.0027560654968733765,0.00509854773646336,0.005773502902222884,0.00962987778570401
1996-03-31,0.007324886691180371,0.0037493914217422404,0.007099283007879333,0.008838484655812343,0.014738467405046585
1996-04-30,0.012476836306844983,0.005980125003416105,0.011549824083087206,0.01546682174590032,0.025789723664286113
1996-05-31,0.0028457039143579984,0.0015814961052674492,0.0027549850608068666,0.0022809226309781472,0.0038218551092887854
1996-06-30,-0.017769026699246283,-0.008002298793406352,-0.016420777649348368,-0.026513014017453297,-0.04418530620678418
1996-07-31,0.010005514556365818,0.005052204388520025,0.009686839749953309,0.01263359871971443,0.021092308755822353
1996-08-31,0.024826708903038845,0.012110849829613963,0.02379627003115198,0.03376668537644761,0.05629447193143711
1996-09-30,0.012964283827377337,0.006339416927729831,0.012267532198302825,0.016519490324366677,0.027576047999813058
1996-10-31,0.03369806752532865,0.015956381175933836,0.0314933857652987,0.04533642462976802,0.07558240948526596
1996-11-30,-0.007428020051358446,-0.003153236493532087,-0.00670954626332498,-0.011918998234104602,-0.01980715426767854
1996-12-31,0.028114948106656823,0.013325730003958754,0.026235101108560577,0.03747264393005889,0.06247044285363512
1997-01-31,0.004526235758919091,0.0023664774496442464,0.004334342772382314,0.004673719680864087,0.00783770360486935
1997-02-28,-0.016709347180016796,-0.00738238291704441,-0.015180988054264419,-0.024657324537197545,-0.041089300080638824
1997-03-31,0.02675719180735722,0.012761406080389058,0.025111432128369682,0.03579974930933581,0.05969995117187499
1997-04-30,0.028390496023849052,0.013015168926554932,0.025612094962348658,0.03650344143109261,0.060885177412625335
1997-05-31,0.021314914072889577,0.009801984580936247,0.019184265800596813,0.026854441829563678,0.04480439454005114
1997-06-30,0.037038719718531364,0.016741461898688817,0.0330697169143924,0.047720014538245065,0.07956826273630013
1997-07-31,-0.023469017860743957,-0.010407655694009565,-0.021212714256750056,-0.03365028616800285,-0.05602305613106673
1997-08-31,0.024495817989177528,0.011775516605340638,0.02313861486321469,0.0328290661510783,0.05476148761776822
1997-09-30,-0.013611775665316442,-0.005838819594333026,-0.012096702395981106,-0.020060948103604304,-0.0333924979589848
1997-10-31,0.02131408197126422,0.010071525820001178,0.019735472513517704,0.027756499898469452,0.046288093333574754
1997-11-30,0.00855542407826443,0.004248893211387676,0.008091477923866474,0.010283074627086095,0.017174487535375427
1997-12-31,0.0060258801615279715,0.003064301179724162,0.005703362768335096,0.006630171604091323,0.011063885458677314
1998-01-31,0.032232151881951304,0.015280758102432549,0.030134601980017783,0.043268014847720165,0.07212215081878459
1998-02-28,0.02337710024807559,0.011059808229611324,0.021711798127125936,0.03069342046137986,0.05121100528138989
1998-03-31,0.005602550410767191,0.002844621889751779,0.0052737566790675375,0.0060126439258771334,0.01006082070840364
1998-04-30,-0.005515070640676096,-0.0026034793195003443,-0.0056230708066485275,-0.010319969757838778,-0.017191949233958503
1998-05-31,0.01552886175980803,0.008943360156731557,0.017476613804882614,0.024364298242825537,0.04062106064639548
1998-06-30,-0.0023997058802005377,-0.0013089043499587073,-0.003027552666462083,-0.006408078136088461,-0.010648406567510094
1998-07-31,-0.047922103105516305,-0.028089703916062223,-0.056593046155434486,-0.08675301881181108,-0.1445797911846185
1998-08-31,0.02236492174920479,0.01359115214492059,0.026790242509755896,0.03836129840484343,0.06406214783555164
1998-09-30,0.0270526022639762,0.01706504316200081,0.03373256934906557,0.04877521134276753,0.08134137163763366
1998-10-31,0.021287482077520063,0.012865738589785252,0.025361031423017603,0.03633080123344886,0.06061338039105335
1998-11-30,0.020930933154985645,0.012166022472138634,0.024012262326925354,0.034546531982846136,0.05762434238255354
1998-12-31,0.009779730752237446,-0.004039328758341153,0.01124230545338735,0.025061721267604444,0.041814094314613026
1999-01-31,-0.010955861720464607,-0.007227684788556274,-0.012217237262521326,-0.01866610359909192,-0.031077540090630795
1999-02-28,0.031271968737142206,0.03698858073786928,0.031209046418536345,0.02398805267654193,0.04000542222538894
1999-03-31,0.031496356062399616,0.038050353727866165,0.03137640439037775,0.023218632404003563,0.0387289748101558
1999-04-30,-0.011218384000367088,-0.008342618582358019,-0.010523542562543424,-0.014188649513129483,-0.023617469626537657
1999-05-31,0.026980895754332775,0.015885844980632065,0.02530008187627338,0.033286983898080325,0.0554974720577337
1999-06-30,-0.010160045563598369,-0.0017237673872388891,-0.009493853258574762,-0.018759987228062495,-0.031223678146176548
1999-07-31,0.0001605158456433422,0.0019479552704721288,0.0002406187935969768,-0.0029820134421115834,-0.004944566566077224
1999-08-31,-0.01514058735398235,-0.013927242955259779,-0.014432063322355186,-0.01645172315191709,-0.02741557116296167
1999-09-30,0.02568007758769479,0.010463165155938243,0.024995075054574892,0.037955685194230974,0.0632817745889036
1999-10-31,0.00926074744765467,0.004477663591233578,0.009097422658754217,0.012166754080353982,0.020326697001449734
1999-11-30,0.026053189957368102,0.013985725011940222,0.025465834625128737,0.03532775906119393,0.05889566385872813
1999-12-31,-0.018653903889890643,-0.007606346510618137,-0.01804811941201711,-0.030172765809728053,-0.05024243463299105
2000-01-31,-0.01052797434545307,-0.011403085903988556,-0.010531122647495762,-0.011382051917774126,-0.018928643255316957
2000-02-29,0.05261519904460578,0.045321280717460256,0.05289040466983368,0.05868791943895886,0.09782851593608966
2000-03-31,-0.012373830526093277,-0.008127409673435275,-0.012186953108816862,-0.0180957607625129,-0.03008567756591407
2000-04-30,0.007045275743450429,0.020317947284398268,0.0049426054852707655,-0.012325551030414657,-0.020518074050611235
2000-05-31,0.003753983052245491,-0.005167203564068451,0.005752522191872598,0.014782310497675113,0.024653803216618586
2000-06-30,-0.007874780364448844,-0.009803056561024329,-0.008631922585480725,-0.009392474826360313,-0.01563468916411037
2000-07-31,0.0344198673382191,0.03519902304493801,0.03717729768925773,0.03726074923100852,0.06211387491366227
2000-08-31,-0.01838579217694335,-0.00969379199664882,-0.020549606377651616,-0.03170477329944505,-0.05279338309892001
2000-09-30,-0.00791874367712592,-0.011646138315191158,-0.007681387872136557,-0.0025605987172737446,-0.004224048231164512
2000-10-31,-0.028285556620405446,-0.02134669748082329,-0.03234780065066061,-0.0473059369141019,-0.07883984036538372
2000-11-30,0.015992739065887853,0.02378702802866222,0.01470754921935387,0.002897223738052265,0.004894909789198598
2000-12-31,0.005586326084757472,-0.002986190111768068,0.008999238237558965,0.02128244608716948,0.035474647939257586
2001-01-31,-0.02866757298830116,-0.018817681271218644,-0.035585628188054635,-0.05472327881808072,-0.09117767644550867
2001-02-28,-0.028060994825973892,-0.024479604507371577,-0.0320862304161819,-0.03805723562718284,-0.06335156255129415
2001-03-31,0.04212359073599311,0.0417148460014731,0.04615017458517766,0.04659272966808375,0.07770723325789963
2001-04-30,0.0031919503535336982,0.0011351666023284859,0.003545156766780018,0.003986369032680786,0.0067033448534032924
2001-05-31,-0.013873365056889657,-0.01845877045807124,-0.014888527996180545,-0.014608041245821045,-0.024341394216136458
2001-06-30,-0.006405570278016868,-0.006955204002475243,-0.0066466160403978675,-0.005916237427745327,-0.009840633980667035
2001-07-31,-0.019326395384973053,-0.014252091522489515,-0.023788964927567432,-0.03756812032465556,-0.06260561460888525
2001-08-31,-0.027640396056058867,-0.02172337168472924,-0.031242345446933755,-0.04848209949841913,-0.08075145990236865
2001-09-30,0.004843457990198152,0.003551078746909581,0.005822919458289037,0.011399837139615916,0.019067619089267573
2001-10-31,0.019006553451729753,0.0005846726862829517,0.022736142125853596,0.04601602503695987,0.0767084566152787
2001-11-30,0.01262512005380044,0.017021496976007574,0.012348466898284722,0.005221112912181542,0.008760521482973349
2001-12-31,-0.007287963259486189,-0.007299521937695953,-0.007109190186607715,-0.00876155072686621,-0.014595612773402378
2002-01-31,0.0037968618220277904,0.013596900300061094,0.0038789367889548293,-0.011575692944851994,-0.01928104192581792
2002-02-28,0.02698045126119685,0.029455214130218142,0.02727032918837304,0.022555048866286946,0.03760735347665056
2002-03-31,-0.024630001455812324,-0.014901356588149303,-0.02431921593836292,-0.03639620371688961,-0.060630917535338225
2002-04-30,0.0046271832740029635,0.006674780413154321,0.004256756939343585,-0.0044485544995492565,-0.007363921618852465
2002-05-31,-0.03704860725931696,-0.02927001487525649,-0.03771641006865095,-0.042743230796333465,-0.07123280071195381
2002-06-30,-0.04984297016038544,-0.0496083209354758,-0.049561242994595064,-0.046808687374594336,-0.07795494840008121
2002-07-31,0.009133071348180942,0.010629876724711147,0.009069166365384332,0.0039041646306890738,0.006572365086236154
2002-08-31,-0.04472167543304053,-0.028375398021655656,-0.04467562744275987,-0.06521471195931972,-0.10868594935942699
2002-09-30,0.02986265655079768,0.017866244959556403,0.034664330950026884,0.05275578427717332,0.08801932150135228
2002-10-31,0.025762307143238357,0.019520748551807608,0.027473541670982465,0.0352748960707459,0.05885837669766247
2002-11-30,-0.005080295933744605,0.007981447588479762,-0.008523016757847507,-0.03527344738017067,-0.05874359841255483
2002-12-31,-0.002163433136834052,0.0018245998316710023,-0.0037872985915604193,-0.015747857711293264,-0.02619771773687818
2003-01-31,-0.009994208512397199,-0.0067752151718302595,-0.010159243668480668,-0.009016661348949953,-0.01500647604598504
2003-02-28,-0.002539401570140196,-0.005805385005726621,-0.0018410233679351004,0.005820574671218082,0.009713072041577675
2003-03-31,0.03280554898796184,0.0168574430246896,0.03380597159837508,0.049416543608095644,0.08236863144850193
2003-04-30,0.04315722154164902,0.04691810739185362,0.04317267272955045,0.03157185879623373,0.05268255632734431
2003-05-31,-0.0035573703578471606,-0.010014188528225224,-0.003538822401450497,0.00763220413927334,0.01276119488078642
2003-06-30,0.007971945553139187,0.001242567890336965,0.007237585918120789,0.010572280251819922,0.017630598469141168
2003-07-31,0.023384672291670145,0.029056568663524455,0.02359139781070831,0.011691901411170021,0.019500459190277875
2003-08-31,-0.002585645451150262,-0.0009603355575538761,-0.0022312179237041103,-0.006381417234798054,-0.010620275441637683
2003-09-30,0.0256181536491147,0.01290711277842927,0.0234628622572937,0.030200667475674303,0.05657428235377493
2003-10-31,0.009270224299617264,0.00986212006378102,0.009309577399422779,0.006585921046519477,0.008798753918460855
2003-11-30,0.04203599569986536,0.046344099384481426,0.04143733243659889,0.035379209298459405,0.052442494785530425
2003-12-31,0.005860566323585414,0.0017968457763807007,0.00492649485933214,0.012755897781117955,0.018355601647641606
2004-01-31,0.009281036285296475,0.010538206588953328,0.00886079082900432,0.012898163425443507,0.013898199327521343
2004-02-29,0.0034885533480910843,0.011451615595047942,0.005240530954968583,-0.006317318118240262,-0.015086177694809466
2004-03-31,-0.018291215830606646,-0.018465270882927175,-0.018511556858085886,-0.020655773679792287,-0.015699054476913554
2004-04-30,0.00841670678151194,0.00588422897533626,0.008111783664738702,0.006714308536654975,0.01372108446762721
2004-05-31,0.014079226763616077,0.01580098503715022,0.013711008164804587,0.014574846858881024,0.019449785205772452
2004-06-30,-0.011794839092737494,-0.001122148572854763,-0.010529202943058607,-0.016166098743777762,-0.033100401913040645
2004-07-31,0.007652859694558437,0.007848766635901361,0.007819822578841899,0.00888205518686667,0.0040473776533256345
2004-08-31,0.01753558553153945,0.025941683055255366,0.017448378251111375,0.008559693066489524,0.010829365571846328
2004-09-30,0.010550905925895344,0.009157829006239812,0.010576638605571839,0.01263014252911357,0.015277905797769442
2004-10-31,0.03138543696468961,0.03249016902914884,0.031315849194505835,0.021318267256697786,0.04046269730832286
2004-11-30,0.0069829786365424714,-0.004682705150295426,0.006623353930426361,0.023583987580211043,0.034028083334087356
2004-12-31,-0.011343163970975225,-0.004954597499721838,-0.011251902628147075,-0.012686479100487607,-0.02437831342660124
2005-01-31,0.03098917398496647,0.04507921731304151,0.030952936781760577,0.01112798419832862,0.021045948032373474
2005-02-28,-0.010934963146883622,-0.010592309249235545,-0.011117229134927843,-0.014532450547150523,-0.01770582337008797
2005-03-31,-0.009847451333933128,-0.011263914655126415,-0.010168526556309496,-0.004492824836576688,-0.018967694822626835
2005-04-30,0.008914870974341073,0.0037760778134948423,0.009735723707341864,0.02238501477350435,0.031820717349376304
2005-05-31,0.01566786107192544,0.024101167109875393,0.015283116988904789,0.004345594249031478,0.0014194031576137967
2005-06-30,0.020070710111148783,0.01930442404958956,0.020586959851297104,0.018167573309888232,0.037187886344447474
2005-07-31,0.005218596089024445,0.013230684460593086,0.004817810310512763,-0.000770246839501437,-0.009122981734058233
2005-08-31,0.021792281321576092,0.03093704442047265,0.022487814464094768,0.001100948131122699,0.00809492376261467
2005-09-30,-0.016487517668285948,-0.02252911276390982,-0.016117439332967907,-0.013974699847820378,-0.016670879068254152
2005-10-31,0.026443855175397706,0.02378264925221612,0.026977722797513325,0.024188377819969582,0.03782239719377234
2005-11-30,0.007599586100569869,0.013364760839674245,0.009671572699789018,0.004730407850006526,0.0003496630596047101
2005-12-31,0.038330845169372324,0.05591641004572046,0.04173585312727966,0.015643355397927217,0.026478656025176184
2006-01-31,-0.008529870334377156,-0.020537737262599647,-0.009623932349385725,0.002258768391386801,0.0027141782982520457
2006-02-28,0.015302392368056916,0.018848304170290545,0.015659825466601156,0.003998947266911129,0.012448635597123614
2006-03-31,0.027974478003207327,0.037543959821436275,0.02955003220258159,0.007448251424427288,0.013423961875255852
2006-04-30,-0.016065718788489954,-0.01345996478974795,-0.015337597979205777,-0.018069234641528913,-0.02877936179769114
2006-05-31,-0.0019984640059950696,-0.0029260058290461657,-0.002554524507521895,0.00015540523049207918,0.0013530167014950134
2006-06-30,0.011789247740545303,0.015448654819700544,0.012045647076876168,0.00925832037734234,0.006173174485320176
2006-07-31,0.004668152246283453,-0.007236902832126545,0.0036598868700529145,0.020635766071347997,0.023792949228760962
2006-08-31,0.0005186416532301581,-0.010082543951214634,0.0013270454778569777,0.019503380550550165,0.02576816468265175
2006-09-30,0.019783339160534454,0.017688123176054622,0.019896142278288703,0.02228555399586595,0.032583502904404815
2006-10-31,0.027084701550518123,0.035913973844841955,0.02800059465984329,0.015647728738540194,0.01902015555116021
2006-11-30,0.0017532946316962783,-0.0056593243324391035,0.001286657535443167,0.006010064871504098,0.014026685842574382
2006-12-31,0.010422074974892566,0.007281455366215027,0.01031848024803178,0.00878311951865128,0.015122641547361981
2007-01-31,-0.00690284730500008,-0.0018742834662274573,-0.004666020078712919,-0.0052425634312812846,-0.01956115215710974
2007-02-28,0.010995985200175229,0.013716223247474605,0.01055823796910946,0.005914615820401786,0.011186833026724186
2007-03-31,0.02901671690476423,0.025209690861568847,0.02805106575513804,0.0289313313719787,0.04429756365397308
2007-04-30,0.021581068245933855,0.017612154812645046,0.018656479232102938,0.017248722913917273,0.03489320030160803
2007-05-31,-0.007579224942002527,-0.0038372345717853293,-0.007075577841914452,-0.011495093871142125,-0.01661234360214492
2007-06-30,-0.008589407677709169,0.0004061841190558331,-0.006865750059633125,-0.014317689142938081,-0.031006094301293752
2007-07-31,0.009941167186989786,0.007988385201243219,0.009703348563735796,0.014090691699631149,0.014988397191879166
2007-08-31,0.03691776877217612,0.04381967167640394,0.039116799684409786,0.024970420960509675,0.037400372754206934
2007-09-30,0.018443058472572316,0.02217448466756705,0.019863069960938996,0.013561638778448801,0.015907127256301612
2007-10-31,-0.02367695837232045,-0.0186291219480684,-0.021832918214328145,-0.01787349045328487,-0.04180842988140243
2007-11-30,0.018624568465247907,0.029281020180747987,0.016567128823236042,-0.004228700454653147,-0.006937014740380998
2007-12-31,-0.015403205889123011,-0.015028952892908077,-0.01971589560831578,-0.026740348031940836,-0.05998104234898716
2008-01-31,0.008069693851943425,0.02318341014349854,0.005000830854336055,-0.02017107329368226,-0.03248301353714156
2008-02-29,-0.013535745488391308,-0.01661794556180505,-0.01203412180260352,-0.002087757454032037,-0.004319497052708621
2008-03-31,0.018557134065743802,0.01918432691652283,0.02163543292119078,0.03052873589127342,0.04870187258421854
2008-04-30,0.015240455384010277,0.01883277267971203,0.014917395125398391,0.002690377124793844,0.012953623166434225
2008-05-31,-0.02359720285075629,-0.0015837062183374784,-0.02367912820705148,-0.051335004271209635,-0.08430472359561636
2008-06-30,-0.021080628154337765,-0.035908805082698496,-0.020885488891461645,-0.003510366728647615,-0.008407683254493703
2008-07-31,-0.009155560114273868,-0.014689951603875281,-0.007326394617197401,0.011641095199294332,0.014465924888692916
2008-08-31,-0.042773721855099825,-0.03661433739961142,-0.042070047413441676,-0.060506076572460724,-0.08910565799381842
2008-09-30,-0.11137754888480615,-0.10698079545555436,-0.11261880847894104,-0.10993072461758523,-0.16795056120710483
2008-10-31,-0.013279353421488409,0.009117909908315049,-0.009886221563397517,-0.031032451730715047,-0.07175186154441271
2008-11-30,0.010081993260142206,0.009706006938775685,0.012259364100193876,0.03298457968140117,0.010642094336859032
2008-12-31,-0.0286967363151141,-0.01052276047232862,-0.028049745772180494,-0.05854555096557337,-0.08428882183470598
2009-01-31,-0.050775899637466565,-0.04294102416847734,-0.05267316212271598,-0.06814119490168406,-0.1064779993427244
2009-02-28,0.03207437753567657,0.020994636884249667,0.03576435821312631,0.05692148575044314,0.08759800952399832
2009-03-31,0.03753247851466246,0.0278823057850436,0.04095103274217889,0.05945153451425594,0.09570913847802687
2009-04-30,0.049268774326799686,0.056733034036727345,0.05010032266862588,0.0363566581110625,0.055931611052769004
2009-05-31,-0.014610206790320263,-0.02328126369618946,-0.013671070171402297,0.0028516065088135217,0.0019853143855079747
2009-06-30,0.03838237464900459,0.03156281129528335,0.03992832481254401,0.050455138384193375,0.07563352877310114
2009-07-31,0.013653035896994783,0.008978767797968723,0.015228295644241179,0.026514681582151065,0.03610345331981035
2009-08-31,0.030477656546584044,0.030998303522604177,0.029671640987828037,0.027131946930715523,0.03731770053124239
2009-09-30,-0.00027617368191760046,0.007511907313673456,-0.0002242459962488035,-0.01027012645011456,-0.018576192928662527
2009-10-31,0.05032288946943254,0.04488361151962146,0.04724996609289848,0.04112449496874282,0.05998224648502437
2009-11-30,-0.002844450065982477,-0.008950716275637928,-0.002320246832832696,0.00404271782001482,0.01931565516431122
2009-12-31,-0.021177787022120698,-0.01824530017177787,-0.020471426208850632,-0.01594243182042639,-0.03597277582908165
2010-01-31,0.021183068523672292,0.018722970235382157,0.020283584599055868,0.019354122578497463,0.030975496421446147
2010-02-28,0.028033875670078093,0.016804277977337915,0.026286139338090393,0.03616818823178929,0.06034702413052129
2010-03-31,0.01978740697611136,0.023464531255530698,0.0194704988477456,0.013336785944976313,0.015786410738919843
2010-04-30,-0.040553884949431164,-0.03342729599772949,-0.03928934555762453,-0.04358376654320362,-0.07985057037717469
2010-05-31,-0.025037366365569844,-0.016852663984586784,-0.022753781232158807,-0.024379633613527067,-0.05234864530129313
2010-06-30,0.03143935772898337,0.02050928528871011,0.02872238835295254,0.04542093002717039,0.07006060138505243
2010-07-31,-0.016720452773412033,-0.007587051725905351,-0.014518271918809942,-0.021965280136762428,-0.0451400100707674
2010-08-31,0.05396388332168336,0.04736717113753565,0.052849925903461714,0.0535458616572725,0.08924133290705716
2010-09-30,0.027527367382236403,0.02648536272709075,0.026551399849378925,0.02339962636345879,0.0380523410809408
2010-10-31,0.009028787160322417,0.0158563681594069,0.009011217509794663,-0.003280795850927977,0.00012616131707976486
2010-11-30,0.042235756293486,0.03721924604737675,0.03998017876131365,0.037393191297313104,0.06683187115331202
2010-12-31,0.008403739289365946,0.006803165567649216,0.007449142829809814,0.013845853588748416,0.023700562531841385
2011-01-31,0.030124811038258766,0.032900512232028264,0.02957215057945594,0.021705678729763617,0.034258986245601086
2011-02-28,0.005157233684277846,0.008044615629413705,0.005209408638036412,-0.0006683605019954516,0.00039753079391324775
2011-03-31,0.026675276966265163,0.024042290436815283,0.02499355205945431,0.024037344763079935,0.02961457779382526
2011-04-30,-0.010750362814444206,-0.013230055130166386,-0.010647922516906619,-0.001838710972780189,-0.011319520481623324
2011-05-31,-0.012382344034979547,-0.011555003532522428,-0.011863827672677177,-0.011793740641040945,-0.016669153060132724
2011-06-30,0.005880780575490341,0.015624519672954864,0.00590882648496903,-0.005459164012890084,-0.020333072710161826
2011-07-31,-0.007910925888735704,-0.006726545780412457,-0.013517855823392811,-0.02653067959999247,-0.05432408864160487
2011-08-31,-0.0611808981793637,-0.06571895909237813,-0.05965444213781355,-0.03912962599371833,-0.07029631842319006
2011-09-30,0.07029144218678451,0.07290123369137684,0.07242820794251612,0.06604231425168845,0.1092920593446356
2011-10-31,0.0030722583836666818,0.0053010863394423935,0.0025865753183372656,-0.002696782591050255,-0.0022084033314586637
2011-11-30,-0.014835954898542067,-0.022632878843782567,-0.01339403827116394,0.011563344756731344,0.010228846127483093
2011-12-31,0.03674508233564565,0.035414257381981604,0.0366330707414309,0.029789602529459492,0.044813659770906344
2012-01-31,0.020310376737796777,0.017261365898309247,0.020790852257550646,0.02587336086382347,0.043241775951570416
2012-02-29,0.004248324921937995,-0.00580883343333586,0.005774008364087033,0.017432425033858848,0.03290793592168351
2012-03-31,-0.003939852935318365,-0.003388414164465597,-0.0037495734113056267,-0.00015864231610424254,-0.006273990500625604
2012-04-30,-0.04462764529098721,-0.04549390628581644,-0.0437953113976737,-0.03175552364953017,-0.06010131843340516
2012-05-31,0.02580551959091947,0.023070543462960235,0.02520505757986793,0.02460737551990969,0.041202527942957756
2012-06-30,0.011274329953055811,0.013531699315874973,0.011157575355628809,0.013762563628953178,0.013888745439514905
2012-07-31,0.018876878758378582,0.019105894812934975,0.018622921126680913,0.013513739988516165,0.02252337785268077
2012-08-31,0.02090434413547395,0.021671444383838112,0.021167268319109724,0.016561089989592655,0.02584258200468681
2012-09-30,-0.013943465605046909,-0.013804320660380762,-0.013944196862762711,-0.011278627415835992,-0.018465081819009077
2012-10-31,0.0005214247668959843,-0.002048063890390822,0.0005376497440962932,0.004553531787810788,0.005799392317403118
2012-11-30,0.0016150378468390567,-0.0003477495843055039,0.0015202666758812318,0.004486182821429947,0.009114227632879057
2012-12-31,0.027804293262516017,0.025276103432128813,0.027764278516954847,0.02858720664107005,0.05179599979957472
2013-01-31,0.0003689358445125967,-0.006411223454092172,-0.0016304016864147986,0.01048163165027383,0.013575489324408219
2013-02-28,0.020692670456444795,0.014747789762119186,0.019172651379888158,0.02289230582697545,0.037503044991254564
2013-03-31,-0.0036352071761257265,-0.014140845854397678,-0.005126493780496542,0.015417272209241394,0.01926675406801892
2013-04-30,0.005402165453323986,-0.00044789572524349007,0.004094122814703969,0.006025221972841169,0.023390087514379987
2013-05-31,-0.022265239104684142,-0.031472970111224435,-0.025825004081473164,-0.014339490228516157,-0.01342813167604373
2013-06-30,0.03678303165161513,0.03514999154996052,0.036456633612166695,0.031607552675860295,0.0508864835042393
2013-07-31,-0.005060731509004153,0.004881553354845897,-0.0030615059194278476,-0.020704986174521888,-0.02896132169031196
2013-08-31,0.01052810483310112,0.0005126309665673944,0.007167261428930701,0.023287610162180797,0.031358276472711166
2013-09-30,0.02470876946539491,0.017137006959977136,0.022244360097525055,0.030901282845778835,0.045967295093059635
2013-10-31,0.00769723935787623,-0.0048376845418666705,0.0039571749140729605,0.017264173558370212,0.030473912518165225
2013-11-30,0.008304618857541824,0.0030066956635274723,0.00714891035247349,0.012947957024790109,0.025317627354634054
2013-12-31,-0.015862467142610092,-0.012158001750809212,-0.014860138600437634,-0.01459644073506315,-0.03457608862369477
2014-01-31,0.0334880766681733,0.03248735686745978,0.033246080894658796,0.02892873193793797,0.04574577355919507
2014-02-28,0.0013868023183269062,0.0001274543479795832,0.0011436919034027953,0.004430262806968159,0.008403625503505596
2014-03-31,0.009555070082930545,0.013885886240920511,0.009640086344772186,0.0077168975565811634,0.007391461171702307
2014-04-30,0.005669942342104611,0.000319643677075827,0.005280551377308499,0.01880152206211667,0.02347625881264337
2014-05-31,0.02215100436075471,0.02738221125291671,0.022942918837916874,0.012157919265750885,0.020656293518999336
2014-06-30,-0.013311385318555734,-0.0158384005611015,-0.013589183794872348,-0.009288335818890995,-0.013791528350802995
2014-07-31,0.019246309633537136,0.013063347821641386,0.018712214771164852,0.028595289457319917,0.04000357932704479
2014-08-31,-0.022119935871991583,-0.030028434754279645,-0.022153684798973887,-0.010885025970601587,-0.014020162057698515
2014-09-30,-0.003949385902733865,-0.033845359605195975,-0.004941539927947148,0.0189075505882508,0.024424800677674163
2014-10-31,0.00847559874324183,0.012140554107636394,0.008438585680677135,0.018757958059642324,0.02689408693115003
2014-11-30,-0.007862037442243768,-0.030095639712520626,-0.007780124858305976,-0.0009304785713564968,-0.002519216829407256
2014-12-31,-0.020953233940871754,-0.06335805851037568,-0.02063408530316496,-0.009804869817771837,-0.03002035152924043
2015-01-31,0.026034780282360795,0.04411056827176413,0.02827576244197905,0.030880192513966665,0.057473686614352815
2015-02-28,-0.01292302431895455,-0.018284408828916823,-0.013137155021884952,-0.008021166710220625,-0.015815639164743267
2015-03-31,0.008630148877620961,0.008324474148871655,0.008665660228017461,0.0044562326632906855,0.009594591074544079
2015-04-30,-0.0014584006835837687,-0.011683411904026912,-0.0004226499922792849,0.005959359092892016,0.012858597308287534
2015-05-31,-0.0049577798121490085,0.014702319699846613,-0.006349980757599737,-0.01593062059950856,-0.019359123789635224
2015-06-30,-0.007881724197492562,-0.00790995012066149,-0.0050300898351732575,0.01601573600816234,0.02095206811739847
2015-07-31,-0.028851700243884587,-0.05227333053628372,-0.032975116601575635,-0.037549554135417565,-0.06033421784540227
2015-08-31,-0.017171819901388,-0.017018748150450468,-0.017953632461858934,-0.011628897941955502,-0.02474358481868466
2015-09-30,0.06224189032734315,0.11001353903150164,0.06494273527358575,0.05087107315659545,0.08435457214648068
2015-10-31,-0.00020025322767245997,0.027430098120165898,0.0012350656318199796,0.00018937063575469854,0.0029731408930131487
2015-11-30,-0.009735962825611852,0.0029385343928184033,-0.01056032581122763,-0.010233227529100676,-0.015771957857693808
2015-12-31,-0.019166300988627878,-0.035080168622225086,-0.022580813823070617,-0.024818171987709827,-0.04962322898072313
2016-01-31,0.02475971869446083,0.0525510046520651,0.02181398913781112,0.002708100002962454,-0.0013491069275127776
2016-02-29,0.02914933775803057,0.024339070191425737,0.03496636821416569,0.044196330172192114,0.06783732412843513
2016-03-31,0.023508424584667138,0.04298219032224198,0.021129507623387,0.0033193276841064936,0.0038779624059339657
2016-04-30,0.005050650693459715,0.02725735632593245,0.006904148139841965,0.010828058528050008,0.01795723663142401
2016-05-31,0.035699755393605016,0.07641962232611584,0.029937507975199555,0.0092875024285586,0.0025922535383720025
2016-06-30,0.010377146455736716,-0.004986219882115678,0.013383737234114018,0.02429056974531445,0.03686795964116185
2016-07-31,-0.008205905976033495,-0.01834663350009579,-0.006334864816928624,-3.3262859255245265e-05,0.0014048510677484582
2016-08-31,0.008266987057345881,0.02032099864765142,0.007534607846931467,0.0003167799199794443,0.00018688478819450793
2016-09-30,-0.007451673185430794,0.01430460743487599,-0.007343010840182508,-0.01421334480634523,-0.01824049272440731
2016-10-31,0.011117540579136621,0.02125548661830318,0.014643229100353882,0.011954371155808712,0.037035137353959025
2016-11-30,0.021796207061183258,0.06235199565055179,0.021639052639279066,0.012846119085660588,0.019765374837583005
2016-12-31,0.01206865141867643,0.008929170996834736,0.012448541025955748,0.012223017511850403,0.01896619487883644
2017-01-31,0.0302076043577269,0.054308868223319456,0.030167996008031887,0.026400065974340737,0.039708178764865654
2017-02-28,-0.006000507293060678,-0.02189768728591685,-0.006138540354917951,0.0004623765422890364,0.0011647620747521348
2017-03-31,0.016294446977342735,0.05075386132415628,0.016421974421321785,0.009789681718975162,0.010270539195507356
2017-04-30,0.04665276467877629,0.13597327828130581,0.03776596048923088,0.011191257205787114,0.014072531092810037
2017-05-31,0.004431918656799193,0.013047172330025178,0.0030824073318746177,0.0036686454820517916,0.006241750550943559
2017-06-30,0.024240960566244217,0.04544854863277112,0.022137818178731988,0.013670403651061763,0.02056280365850882
2017-07-31,0.03844228337964212,0.12476034009224149,0.03363925194082308,0.00559446048764404,0.0030620867698973875
2017-08-31,0.010225852976904457,0.003706912259191973,0.010809713951599189,0.010087314136836995,0.020627755782101964
2017-09-30,0.034731937703304586,0.0990334847623847,0.03157399242677426,0.014379769874364687,0.023334751501988382
2017-10-31,0.04732495130481292,0.12706454388321367,0.04407168840938784,0.017797921310543276,0.030669580718061917
2017-11-30,0.03588387687187283,0.09464404175302409,0.03299863319790473,0.008556534653603945,0.011118318682830974
2017-12-31,0.01433408260238137,-0.03187209995797841,0.01661107505300132,0.029848887702699282,0.05725377894461947
2018-01-31,-0.027123662196798758,-0.028973434125278242,-0.027053204642691224,-0.026180151555123047,-0.03685581181395381
2018-02-28,-0.02475892124208108,-0.06619447983530263,-0.023749135831836955,-0.012577296254527212,-0.025414020168213147
2018-03-31,0.02836908116477396,0.0839246448079336,0.026894857475908796,-0.001477491311361846,0.003837109768069835
2018-04-30,-0.0004504885591233594,-0.029249456789174615,0.0017254195541221728,0.01709062527689637,0.024082244244804096
2018-05-31,-0.01160576630937642,-0.034003508196247485,-0.00945592635755423,0.004094740348314054,0.006154449872648016
2018-06-30,0.02336052758594821,0.04938851354911747,0.02432069934048025,0.022209615304774458,0.03721476479445185
2018-07-31,0.00011405921859502399,-0.023099906787503826,0.0023625728801198865,0.021804737361716404,0.032583990699538656
2018-08-31,0.0009301702742404037,-0.006852846093999152,0.0011617039336232007,0.0009238934908295639,0.0056920706182788106
2018-09-30,-0.03501969536862458,-0.041813516412724724,-0.03787461260953165,-0.0435919894815616,-0.06834998886769361
2018-10-31,-0.00910656534147728,-0.07025901167592911,-0.010149945885109908,0.015281965889232654,0.020378083784286183
2018-11-30,-0.03765544404672703,-0.04683421858852284,-0.044304612675485716,-0.04625519306184807,-0.0902898436547529
2018-12-31,0.042148759272883814,0.030031717145675645,0.044842327260043245,0.05166914678459075,0.08013483569189983
2019-01-31,0.017846554194724654,0.0332906678700174,0.020657163515365954,0.01877716056045493,0.03210851327546971
2019-02-28,0.009116728734637423,0.01849239038623233,0.011462856748870516,0.020133767759610326,0.019431281619924246
2019-03-31,0.026627417972095422,0.06753605355921986,0.030748190273056163,0.02349120072395702,0.04048931393952193
2019-04-30,0.0033453296476258837,0.08948110897273891,-0.0031418517086961926,-0.03050534953617166,-0.0635480335027736
2019-05-31,0.0639007775512701,0.10131745286024275,0.06312334785165406,0.04663949570101132,0.07047670780596915
2019-06-30,0.0020579681591014996,-0.0111609725572636,0.0030806434577275816,0.00932371553472171,0.014373109105911164
2019-07-31,-0.0033264642509010928,-0.015461602976458056,-0.006604528561363257,0.0016205039890135851,-0.015841356518145777
2019-08-31,-0.0012902267561499523,-0.022870774933853952,-0.00029636844200155274,0.008756878774738108,0.018710674837483898
2019-09-30,0.015551951020185998,0.02849166467345406,0.017169296067228904,0.013816105249781246,0.02165901486088595
2019-10-31,0.002552728071941323,-0.03074445819835285,0.003175698843259605,0.021632002096299407,0.03629905189411575
2019-11-30,0.02186543919102409,0.01572365728110968,0.021515579852211253,0.01790550653122686,0.030182811111814756
2019-12-31,0.00794795495322114,0.04647433627156358,0.010467307880958851,0.007866259515536387,-0.00039212586234349533
2020-01-31,-0.05877261845333862,-0.06531934987129624,-0.053666045350374544,-0.04306229772557421,-0.08231873294630587
2020-02-29,-0.09747722987666171,-0.14103020030320562,-0.09415737007318249,-0.07626465809205686,-0.12351349571065617
2020-03-31,0.115256109715303,0.16896208589288456,0.10911111488698177,0.08373130291322044,0.12819402479140174
2020-04-30,0.029317669468071877,0.040018744566313866,0.031698724083291774,0.031217519759852975,0.04762743737938613
2020-05-31,0.009401257217342536,0.0005291392986963694,0.009345569360278501,0.014550230117019888,0.01988818896464828
2020-06-30,0.040052788090326454,0.06752414693890885,0.04324369778586156,0.0391576179196127,0.05638519336235093
2020-07-31,0.025138424042628713,0.020142168015525538,0.03048030096192956,0.039813641078105755,0.07187979994601834
2020-08-31,-0.04008286542920417,-0.06056264709380102,-0.03994187396262077,-0.02322463789784385,-0.03799716499763972
2020-09-30,-0.002369743728757004,0.04036576360005175,-0.0020873552819857194,-0.018206976662427543,-0.026592680019229653
2020-10-31,0.08911579258511497,0.15154760846194537,0.08466995163320049,0.07049495001017694,0.10946365941098035
2020-11-30,0.058913454975162385,0.12552198941855885,0.05377174815778354,0.023368410925486676,0.03844857198813356
2020-12-31,0.0025729792849941476,0.028680836409336344,0.0029935849421803213,-0.00905365699468953,-0.01009624917619234
2021-01-31,0.04256990519664155,0.11018402271115986,0.042020564853771314,0.010471062774451582,0.027574537649545094
2021-02-28,0.03715382040499238,0.0739090487513527,0.034407462716609875,0.021671584567854157,0.04379560734264487
2021-03-31,0.02878654907404318,0.014262748616887613,0.025722700927923694,0.03492355700588417,0.053369027112194045
2021-04-30,0.0022548261482261784,-0.042658601582024586,0.0022489473192638856,0.004984473787508439,0.006984127269920037
2021-05-31,0.0010761615986478997,-0.013029320451038261,0.00014991836044935447,0.017316496529689196,0.023345476895568984
2021-06-30,0.015470501158031027,0.030294608143526594,0.014031587894150946,0.018711896771916155,0.023754322593721122
2021-07-31,0.01843624347689712,0.02924482927014529,0.017250545793894897,0.01743603400774505,0.03040565081251234
2021-08-31,-0.02226888771204643,-0.01250695753569441,-0.018301035784901432,-0.031589888649682374,-0.046509384175090984
2021-09-30,0.06564175142977607,0.11774636227066376,0.06064207862319846,0.04198329321541116,0.07006129606134426
