regime,asset,months,ann_return,ann_vol,hit_rate,axis
deflationary_bust,EQ,89,0.09869982498709429,0.1668240506490676,0.6853932584269663,quadrant
deflationary_bust,AU,69,0.09680435776894658,0.18544464047924258,0.5217391304347826,quadrant
deflationary_bust,BTC,26,-0.01722671196293646,0.5845471744445181,0.46153846153846156,quadrant
deflationary_bust,EN,70,-0.10218897608077937,0.24289404990285465,0.44285714285714284,quadrant
deflationary_bust,USD,89,0.022960470597170435,0.006602408529560673,1.0,quadrant
goldilocks,EQ,85,0.13367540037821368,0.12008391049515164,0.7058823529411765,quadrant
goldilocks,AU,49,0.09529780628965101,0.15386965969522123,0.5306122448979592,quadrant
goldilocks,BTC,14,1.3508742141983912,0.954717832185116,0.5714285714285714,quadrant
goldilocks,EN,52,0.045447590103587565,0.21252198477149575,0.5384615384615384,quadrant
goldilocks,USD,85,0.027753092923411105,0.005722829831401449,1.0,quadrant
reflation,EQ,126,0.13811164688153643,0.13956565463415774,0.6746031746031746,quadrant
reflation,AU,85,0.0800999373317941,0.15777565404342153,0.5647058823529412,quadrant
reflation,BTC,28,2.0670063338196107,0.9253017888866312,0.6428571428571429,quadrant
reflation,EN,96,0.2021120747378442,0.2651272131405232,0.6666666666666666,quadrant
reflation,USD,126,0.02242913105092348,0.006423066649598552,1.0,quadrant
stagflation,EQ,81,0.05443464233006656,0.15621023351156696,0.5925925925925926,quadrant
stagflation,AU,51,0.10103521569438878,0.1679115119126004,0.6078431372549019,quadrant
stagflation,BTC,17,1.8647019084567886,0.6921658105274024,0.6470588235294118,quadrant
stagflation,EN,56,0.09154617456786673,0.24916870965768043,0.5178571428571429,quadrant
stagflation,USD,81,0.033850235201302814,0.006665890888504593,1.0,quadrant
Balanced,EQ,110,0.05724774657024456,0.1491127838906681,0.6909090909090909,liquidity_driver
Balanced,AU,110,0.12911077801625814,0.18022193710946496,0.5818181818181818,liquidity_driver
Balanced,BTC,46,1.6697171510639848,0.8995839050487179,0.5869565217391305,liquidity_driver
Balanced,EN,110,0.0537583968068327,0.27470836790767766,0.5909090909090909,liquidity_driver
Balanced,USD,110,0.0187595098272777,0.004864382080464367,1.0,liquidity_driver
Fiscal-led,EQ,75,0.14192905930473265,0.13862011595694837,0.7066666666666667,liquidity_driver
Fiscal-led,AU,75,0.09266402532301576,0.15961328144089193,0.52,liquidity_driver
Fiscal-led,BTC,13,0.3274724049581943,0.8378131952546806,0.46153846153846156,liquidity_driver
Fiscal-led,EN,75,0.14358960217401728,0.2259205231468386,0.6533333333333333,liquidity_driver
Fiscal-led,USD,75,0.008040291280834388,0.0027964532448712153,1.0,liquidity_driver
Monetary-led,EQ,136,0.13659856726519637,0.15715612894308834,0.6397058823529411,liquidity_driver
Monetary-led,AU,69,0.0337533686676581,0.1495436551838738,0.5507246376811594,liquidity_driver
Monetary-led,BTC,26,0.5824565444471452,0.5566133687920739,0.6153846153846154,liquidity_driver
Monetary-led,EN,89,0.01722084610623753,0.23166123124628135,0.42696629213483145,liquidity_driver
Monetary-led,USD,136,0.032534787184023584,0.006684771898567302,1.0,liquidity_driver
Easy,EQ,90,0.18270267061350753,0.13609054032711765,0.7333333333333333,real_rates
Easy,AU,90,-0.01604064596965782,0.16903449612984214,0.5,real_rates
Easy,BTC,58,1.1926069896532425,0.7834387972828479,0.5689655172413793,real_rates
Easy,EN,90,0.03256873584555908,0.2952292095147579,0.5111111111111111,real_rates
Easy,USD,90,0.0038451735286157973,0.0017921478754529816,1.0,real_rates
Neutral,EQ,98,0.13703903845094412,0.13465665581108674,0.6836734693877551,real_rates
Neutral,AU,98,0.12192399161407086,0.15522417546752676,0.5306122448979592,real_rates
Neutral,BTC,27,0.7592184233631942,0.845732130017809,0.5925925925925926,real_rates
Neutral,EN,98,0.15257217439812698,0.21853858054904407,0.6326530612244898,real_rates
Neutral,USD,98,0.01432918057153132,0.004262215359078492,1.0,real_rates
Restrictive,EQ,37,-0.07742535439981402,0.16386164408832338,0.6486486486486487,real_rates
Restrictive,AU,37,0.2792749977895037,0.20459520599898937,0.7027027027027027,real_rates
Restrictive,EN,37,0.015040235708071448,0.23559765964658558,0.6216216216216216,real_rates
Restrictive,USD,37,0.02547713961977771,0.005155150635828024,1.0,real_rates
